-- phpMyAdmin SQL Dump
-- version 4.8.3
-- https://www.phpmyadmin.net/
--
-- Host: 127.0.0.1
-- Waktu pembuatan: 04 Jan 2021 pada 09.18
-- Versi server: 10.1.36-MariaDB
-- Versi PHP: 7.2.11

SET SQL_MODE = "NO_AUTO_VALUE_ON_ZERO";
SET AUTOCOMMIT = 0;
START TRANSACTION;
SET time_zone = "+00:00";


/*!40101 SET @OLD_CHARACTER_SET_CLIENT=@@CHARACTER_SET_CLIENT */;
/*!40101 SET @OLD_CHARACTER_SET_RESULTS=@@CHARACTER_SET_RESULTS */;
/*!40101 SET @OLD_COLLATION_CONNECTION=@@COLLATION_CONNECTION */;
/*!40101 SET NAMES utf8mb4 */;

--
-- Database: `siabsensi_db`
--

-- --------------------------------------------------------

--
-- Struktur dari tabel `migrations`
--

CREATE TABLE `migrations` (
  `id` int(10) UNSIGNED NOT NULL,
  `migration` varchar(255) COLLATE utf8mb4_unicode_ci NOT NULL,
  `batch` int(11) NOT NULL
) ENGINE=InnoDB DEFAULT CHARSET=utf8mb4 COLLATE=utf8mb4_unicode_ci;

--
-- Dumping data untuk tabel `migrations`
--

INSERT INTO `migrations` (`id`, `migration`, `batch`) VALUES
(1, '2014_10_12_000000_create_users_table', 1),
(2, '2014_10_12_100000_create_password_resets_table', 1),
(20, '2020_01_26_013231_create_tb_kelas_table', 2),
(21, '2020_01_26_013334_create_tb_siswa_table', 2),
(22, '2020_01_26_013400_create_tb_absensi_table', 3);

-- --------------------------------------------------------

--
-- Struktur dari tabel `password_resets`
--

CREATE TABLE `password_resets` (
  `email` varchar(255) COLLATE utf8mb4_unicode_ci NOT NULL,
  `token` varchar(255) COLLATE utf8mb4_unicode_ci NOT NULL,
  `created_at` timestamp NULL DEFAULT NULL
) ENGINE=InnoDB DEFAULT CHARSET=utf8mb4 COLLATE=utf8mb4_unicode_ci;

-- --------------------------------------------------------

--
-- Struktur dari tabel `tb_absensi`
--

CREATE TABLE `tb_absensi` (
  `id` int(11) NOT NULL,
  `kelas_id` int(11) NOT NULL,
  `siswa_id` int(11) NOT NULL,
  `h` int(11) DEFAULT NULL,
  `s` int(11) DEFAULT NULL,
  `i` int(11) DEFAULT NULL,
  `a` int(11) DEFAULT NULL,
  `tgl` date NOT NULL,
  `created_at` timestamp NULL DEFAULT NULL,
  `updated_at` timestamp NULL DEFAULT NULL
) ENGINE=InnoDB DEFAULT CHARSET=utf8mb4 COLLATE=utf8mb4_unicode_ci;

--
-- Dumping data untuk tabel `tb_absensi`
--

INSERT INTO `tb_absensi` (`id`, `kelas_id`, `siswa_id`, `h`, `s`, `i`, `a`, `tgl`, `created_at`, `updated_at`) VALUES
(104, 15, 15, 1, 0, 0, 0, '2020-02-11', '2020-02-11 06:09:00', '2020-02-11 06:09:00'),
(105, 16, 16, 0, 0, 0, 1, '2020-06-29', '2020-06-29 04:08:58', '2020-06-29 04:15:50'),
(106, 16, 17, 1, 0, 0, 0, '2020-06-29', '2020-06-29 04:08:59', '2020-06-29 04:08:59'),
(107, 16, 18, 1, 0, 0, 0, '2020-06-29', '2020-06-29 04:08:59', '2020-06-29 04:08:59'),
(108, 16, 19, 1, 0, 0, 0, '2020-06-29', '2020-06-29 04:08:59', '2020-06-29 04:08:59'),
(109, 16, 20, 1, 0, 0, 0, '2020-06-29', '2020-06-29 04:08:59', '2020-06-29 04:08:59'),
(110, 16, 21, 1, 0, 0, 0, '2020-06-29', '2020-06-29 04:08:59', '2020-06-29 04:08:59'),
(111, 16, 22, 1, 0, 0, 0, '2020-06-29', '2020-06-29 04:08:59', '2020-06-29 04:08:59'),
(112, 16, 23, 1, 0, 0, 0, '2020-06-29', '2020-06-29 04:08:59', '2020-06-29 04:08:59'),
(113, 16, 24, 1, 0, 0, 0, '2020-06-29', '2020-06-29 04:08:59', '2020-06-29 04:08:59'),
(114, 16, 25, 1, 0, 0, 0, '2020-06-29', '2020-06-29 04:08:59', '2020-06-29 04:08:59'),
(115, 16, 26, 1, 0, 0, 0, '2020-06-29', '2020-06-29 04:08:59', '2020-06-29 04:08:59'),
(116, 16, 27, 1, 0, 0, 0, '2020-06-29', '2020-06-29 04:08:59', '2020-06-29 04:08:59'),
(117, 16, 28, 1, 0, 0, 0, '2020-06-29', '2020-06-29 04:08:59', '2020-06-29 04:08:59'),
(118, 16, 29, 1, 0, 0, 0, '2020-06-29', '2020-06-29 04:08:59', '2020-06-29 04:08:59'),
(119, 16, 30, 1, 0, 0, 0, '2020-06-29', '2020-06-29 04:08:59', '2020-06-29 04:08:59'),
(120, 16, 31, 1, 0, 0, 0, '2020-06-29', '2020-06-29 04:09:00', '2020-06-29 04:09:00'),
(121, 16, 32, 1, 0, 0, 0, '2020-06-29', '2020-06-29 04:09:00', '2020-06-29 04:09:00'),
(122, 16, 33, 1, 0, 0, 0, '2020-06-29', '2020-06-29 04:09:00', '2020-06-29 04:09:00'),
(123, 16, 34, 1, 0, 0, 0, '2020-06-29', '2020-06-29 04:09:00', '2020-06-29 04:09:00'),
(124, 16, 35, 1, 0, 0, 0, '2020-06-29', '2020-06-29 04:09:00', '2020-06-29 04:09:00'),
(125, 16, 36, 1, 0, 0, 0, '2020-06-29', '2020-06-29 04:09:00', '2020-06-29 04:09:00'),
(126, 16, 37, 1, 0, 0, 0, '2020-06-29', '2020-06-29 04:09:00', '2020-06-29 04:09:00'),
(127, 16, 38, 1, 0, 0, 0, '2020-06-29', '2020-06-29 04:09:00', '2020-06-29 04:09:00'),
(128, 16, 39, 1, 0, 0, 0, '2020-06-29', '2020-06-29 04:09:00', '2020-06-29 04:09:00'),
(129, 16, 40, 1, 0, 0, 0, '2020-06-29', '2020-06-29 04:09:00', '2020-06-29 04:09:00'),
(130, 16, 41, 1, 0, 0, 0, '2020-06-29', '2020-06-29 04:09:00', '2020-06-29 04:09:00'),
(131, 16, 42, 1, 0, 0, 0, '2020-06-29', '2020-06-29 04:09:00', '2020-06-29 04:09:00'),
(132, 16, 43, 1, 0, 0, 0, '2020-06-29', '2020-06-29 04:09:00', '2020-06-29 04:09:00'),
(133, 16, 44, 1, 0, 0, 0, '2020-06-29', '2020-06-29 04:09:00', '2020-06-29 04:09:00'),
(134, 16, 45, 1, 0, 0, 0, '2020-06-29', '2020-06-29 04:09:00', '2020-06-29 04:09:00'),
(135, 16, 46, 1, 0, 0, 0, '2020-06-29', '2020-06-29 04:09:00', '2020-06-29 04:09:00'),
(136, 16, 47, 1, 0, 0, 0, '2020-06-29', '2020-06-29 04:09:00', '2020-06-29 04:09:00'),
(137, 16, 48, 1, 0, 0, 0, '2020-06-29', '2020-06-29 04:09:00', '2020-06-29 04:09:00'),
(138, 16, 49, 1, 0, 0, 0, '2020-06-29', '2020-06-29 04:09:00', '2020-06-29 04:09:00'),
(139, 16, 50, 1, 0, 0, 0, '2020-06-29', '2020-06-29 04:09:01', '2020-06-29 04:09:01'),
(140, 16, 51, 1, 0, 0, 0, '2020-06-29', '2020-06-29 04:09:01', '2020-06-29 04:09:01'),
(141, 16, 1301, 1, 0, 0, 0, '2020-06-29', '2020-06-29 04:09:01', '2020-06-29 04:09:01'),
(142, 16, 16, 1, 0, 0, 0, '2020-06-22', '2020-06-29 04:13:36', '2020-06-29 04:13:36'),
(143, 16, 17, 1, 0, 0, 0, '2020-06-22', '2020-06-29 04:13:36', '2020-06-29 04:13:36'),
(144, 16, 18, 1, 0, 0, 0, '2020-06-22', '2020-06-29 04:13:36', '2020-06-29 04:13:36'),
(145, 16, 19, 1, 0, 0, 0, '2020-06-22', '2020-06-29 04:13:36', '2020-06-29 04:13:36'),
(146, 16, 20, 1, 0, 0, 0, '2020-06-22', '2020-06-29 04:13:36', '2020-06-29 04:13:36'),
(147, 16, 21, 1, 0, 0, 0, '2020-06-22', '2020-06-29 04:13:36', '2020-06-29 04:13:36'),
(148, 16, 22, 1, 0, 0, 0, '2020-06-22', '2020-06-29 04:13:36', '2020-06-29 04:13:36'),
(149, 16, 23, 1, 0, 0, 0, '2020-06-22', '2020-06-29 04:13:36', '2020-06-29 04:13:36'),
(150, 16, 24, 1, 0, 0, 0, '2020-06-22', '2020-06-29 04:13:36', '2020-06-29 04:13:36'),
(151, 16, 25, 1, 0, 0, 0, '2020-06-22', '2020-06-29 04:13:36', '2020-06-29 04:13:36'),
(152, 16, 26, 1, 0, 0, 0, '2020-06-22', '2020-06-29 04:13:36', '2020-06-29 04:13:36'),
(153, 16, 27, 1, 0, 0, 0, '2020-06-22', '2020-06-29 04:13:36', '2020-06-29 04:13:36'),
(154, 16, 28, 1, 0, 0, 0, '2020-06-22', '2020-06-29 04:13:36', '2020-06-29 04:13:36'),
(155, 16, 29, 1, 0, 0, 0, '2020-06-22', '2020-06-29 04:13:36', '2020-06-29 04:13:36'),
(156, 16, 30, 1, 0, 0, 0, '2020-06-22', '2020-06-29 04:13:36', '2020-06-29 04:13:36'),
(157, 16, 31, 1, 0, 0, 0, '2020-06-22', '2020-06-29 04:13:36', '2020-06-29 04:13:36'),
(158, 16, 32, 1, 0, 0, 0, '2020-06-22', '2020-06-29 04:13:36', '2020-06-29 04:13:36'),
(159, 16, 33, 1, 0, 0, 0, '2020-06-22', '2020-06-29 04:13:37', '2020-06-29 04:13:37'),
(160, 16, 34, 1, 0, 0, 0, '2020-06-22', '2020-06-29 04:13:37', '2020-06-29 04:13:37'),
(161, 16, 35, 1, 0, 0, 0, '2020-06-22', '2020-06-29 04:13:37', '2020-06-29 04:13:37'),
(162, 16, 36, 1, 0, 0, 0, '2020-06-22', '2020-06-29 04:13:37', '2020-06-29 04:13:37'),
(163, 16, 37, 1, 0, 0, 0, '2020-06-22', '2020-06-29 04:13:37', '2020-06-29 04:13:37'),
(164, 16, 38, 1, 0, 0, 0, '2020-06-22', '2020-06-29 04:13:37', '2020-06-29 04:13:37'),
(165, 16, 39, 1, 0, 0, 0, '2020-06-22', '2020-06-29 04:13:37', '2020-06-29 04:13:37'),
(166, 16, 40, 1, 0, 0, 0, '2020-06-22', '2020-06-29 04:13:37', '2020-06-29 04:13:37'),
(167, 16, 41, 1, 0, 0, 0, '2020-06-22', '2020-06-29 04:13:37', '2020-06-29 04:13:37'),
(168, 16, 42, 1, 0, 0, 0, '2020-06-22', '2020-06-29 04:13:37', '2020-06-29 04:13:37'),
(169, 16, 43, 1, 0, 0, 0, '2020-06-22', '2020-06-29 04:13:37', '2020-06-29 04:13:37'),
(170, 16, 44, 1, 0, 0, 0, '2020-06-22', '2020-06-29 04:13:37', '2020-06-29 04:13:37'),
(171, 16, 45, 1, 0, 0, 0, '2020-06-22', '2020-06-29 04:13:37', '2020-06-29 04:13:37'),
(172, 16, 46, 1, 0, 0, 0, '2020-06-22', '2020-06-29 04:13:37', '2020-06-29 04:13:37'),
(173, 16, 47, 1, 0, 0, 0, '2020-06-22', '2020-06-29 04:13:37', '2020-06-29 04:13:37'),
(174, 16, 48, 1, 0, 0, 0, '2020-06-22', '2020-06-29 04:13:37', '2020-06-29 04:13:37'),
(175, 16, 49, 1, 0, 0, 0, '2020-06-22', '2020-06-29 04:13:37', '2020-06-29 04:13:37'),
(176, 16, 50, 1, 0, 0, 0, '2020-06-22', '2020-06-29 04:13:37', '2020-06-29 04:13:37'),
(177, 16, 51, 1, 0, 0, 0, '2020-06-22', '2020-06-29 04:13:37', '2020-06-29 04:13:37'),
(178, 16, 1301, 1, 0, 0, 0, '2020-06-22', '2020-06-29 04:13:37', '2020-06-29 04:13:37'),
(179, 16, 16, 1, 0, 0, 0, '2020-06-23', '2020-06-29 04:13:51', '2020-06-29 04:13:51'),
(180, 16, 17, 1, 0, 0, 0, '2020-06-23', '2020-06-29 04:13:51', '2020-06-29 04:13:51'),
(181, 16, 18, 1, 0, 0, 0, '2020-06-23', '2020-06-29 04:13:51', '2020-06-29 04:13:51'),
(182, 16, 19, 1, 0, 0, 0, '2020-06-23', '2020-06-29 04:13:51', '2020-06-29 04:13:51'),
(183, 16, 20, 1, 0, 0, 0, '2020-06-23', '2020-06-29 04:13:51', '2020-06-29 04:13:51'),
(184, 16, 21, 1, 0, 0, 0, '2020-06-23', '2020-06-29 04:13:52', '2020-06-29 04:13:52'),
(185, 16, 22, 1, 0, 0, 0, '2020-06-23', '2020-06-29 04:13:52', '2020-06-29 04:13:52'),
(186, 16, 23, 1, 0, 0, 0, '2020-06-23', '2020-06-29 04:13:52', '2020-06-29 04:13:52'),
(187, 16, 24, 1, 0, 0, 0, '2020-06-23', '2020-06-29 04:13:52', '2020-06-29 04:13:52'),
(188, 16, 25, 1, 0, 0, 0, '2020-06-23', '2020-06-29 04:13:52', '2020-06-29 04:13:52'),
(189, 16, 26, 1, 0, 0, 0, '2020-06-23', '2020-06-29 04:13:52', '2020-06-29 04:13:52'),
(190, 16, 27, 1, 0, 0, 0, '2020-06-23', '2020-06-29 04:13:52', '2020-06-29 04:13:52'),
(191, 16, 28, 1, 0, 0, 0, '2020-06-23', '2020-06-29 04:13:52', '2020-06-29 04:13:52'),
(192, 16, 29, 1, 0, 0, 0, '2020-06-23', '2020-06-29 04:13:52', '2020-06-29 04:13:52'),
(193, 16, 30, 1, 0, 0, 0, '2020-06-23', '2020-06-29 04:13:52', '2020-06-29 04:13:52'),
(194, 16, 31, 1, 0, 0, 0, '2020-06-23', '2020-06-29 04:13:52', '2020-06-29 04:13:52'),
(195, 16, 32, 1, 0, 0, 0, '2020-06-23', '2020-06-29 04:13:52', '2020-06-29 04:13:52'),
(196, 16, 33, 1, 0, 0, 0, '2020-06-23', '2020-06-29 04:13:52', '2020-06-29 04:13:52'),
(197, 16, 34, 1, 0, 0, 0, '2020-06-23', '2020-06-29 04:13:52', '2020-06-29 04:13:52'),
(198, 16, 35, 1, 0, 0, 0, '2020-06-23', '2020-06-29 04:13:52', '2020-06-29 04:13:52'),
(199, 16, 36, 1, 0, 0, 0, '2020-06-23', '2020-06-29 04:13:52', '2020-06-29 04:13:52'),
(200, 16, 37, 1, 0, 0, 0, '2020-06-23', '2020-06-29 04:13:52', '2020-06-29 04:13:52'),
(201, 16, 38, 1, 0, 0, 0, '2020-06-23', '2020-06-29 04:13:52', '2020-06-29 04:13:52'),
(202, 16, 39, 1, 0, 0, 0, '2020-06-23', '2020-06-29 04:13:52', '2020-06-29 04:13:52'),
(203, 16, 40, 1, 0, 0, 0, '2020-06-23', '2020-06-29 04:13:52', '2020-06-29 04:13:52'),
(204, 16, 41, 1, 0, 0, 0, '2020-06-23', '2020-06-29 04:13:52', '2020-06-29 04:13:52'),
(205, 16, 42, 1, 0, 0, 0, '2020-06-23', '2020-06-29 04:13:53', '2020-06-29 04:13:53'),
(206, 16, 43, 1, 0, 0, 0, '2020-06-23', '2020-06-29 04:13:53', '2020-06-29 04:13:53'),
(207, 16, 44, 1, 0, 0, 0, '2020-06-23', '2020-06-29 04:13:53', '2020-06-29 04:13:53'),
(208, 16, 45, 1, 0, 0, 0, '2020-06-23', '2020-06-29 04:13:53', '2020-06-29 04:13:53'),
(209, 16, 46, 1, 0, 0, 0, '2020-06-23', '2020-06-29 04:13:53', '2020-06-29 04:13:53'),
(210, 16, 47, 1, 0, 0, 0, '2020-06-23', '2020-06-29 04:13:53', '2020-06-29 04:13:53'),
(211, 16, 48, 1, 0, 0, 0, '2020-06-23', '2020-06-29 04:13:53', '2020-06-29 04:13:53'),
(212, 16, 49, 1, 0, 0, 0, '2020-06-23', '2020-06-29 04:13:53', '2020-06-29 04:13:53'),
(213, 16, 50, 1, 0, 0, 0, '2020-06-23', '2020-06-29 04:13:53', '2020-06-29 04:13:53'),
(214, 16, 51, 1, 0, 0, 0, '2020-06-23', '2020-06-29 04:13:53', '2020-06-29 04:13:53'),
(215, 16, 1301, 1, 0, 0, 0, '2020-06-23', '2020-06-29 04:13:53', '2020-06-29 04:13:53'),
(216, 16, 16, 1, 0, 0, 0, '2020-06-24', '2020-06-29 04:14:03', '2020-06-29 04:14:03'),
(217, 16, 17, 1, 0, 0, 0, '2020-06-24', '2020-06-29 04:14:03', '2020-06-29 04:14:03'),
(218, 16, 18, 1, 0, 0, 0, '2020-06-24', '2020-06-29 04:14:03', '2020-06-29 04:14:03'),
(219, 16, 19, 1, 0, 0, 0, '2020-06-24', '2020-06-29 04:14:03', '2020-06-29 04:14:03'),
(220, 16, 20, 1, 0, 0, 0, '2020-06-24', '2020-06-29 04:14:03', '2020-06-29 04:14:03'),
(221, 16, 21, 1, 0, 0, 0, '2020-06-24', '2020-06-29 04:14:03', '2020-06-29 04:14:03'),
(222, 16, 22, 1, 0, 0, 0, '2020-06-24', '2020-06-29 04:14:03', '2020-06-29 04:14:03'),
(223, 16, 23, 1, 0, 0, 0, '2020-06-24', '2020-06-29 04:14:03', '2020-06-29 04:14:03'),
(224, 16, 24, 1, 0, 0, 0, '2020-06-24', '2020-06-29 04:14:03', '2020-06-29 04:14:03'),
(225, 16, 25, 1, 0, 0, 0, '2020-06-24', '2020-06-29 04:14:03', '2020-06-29 04:14:03'),
(226, 16, 26, 1, 0, 0, 0, '2020-06-24', '2020-06-29 04:14:03', '2020-06-29 04:14:03'),
(227, 16, 27, 1, 0, 0, 0, '2020-06-24', '2020-06-29 04:14:03', '2020-06-29 04:14:03'),
(228, 16, 28, 1, 0, 0, 0, '2020-06-24', '2020-06-29 04:14:03', '2020-06-29 04:14:03'),
(229, 16, 29, 1, 0, 0, 0, '2020-06-24', '2020-06-29 04:14:03', '2020-06-29 04:14:03'),
(230, 16, 30, 1, 0, 0, 0, '2020-06-24', '2020-06-29 04:14:03', '2020-06-29 04:14:03'),
(231, 16, 31, 1, 0, 0, 0, '2020-06-24', '2020-06-29 04:14:03', '2020-06-29 04:14:03'),
(232, 16, 32, 1, 0, 0, 0, '2020-06-24', '2020-06-29 04:14:04', '2020-06-29 04:14:04'),
(233, 16, 33, 1, 0, 0, 0, '2020-06-24', '2020-06-29 04:14:04', '2020-06-29 04:14:04'),
(234, 16, 34, 1, 0, 0, 0, '2020-06-24', '2020-06-29 04:14:04', '2020-06-29 04:14:04'),
(235, 16, 35, 1, 0, 0, 0, '2020-06-24', '2020-06-29 04:14:04', '2020-06-29 04:14:04'),
(236, 16, 36, 1, 0, 0, 0, '2020-06-24', '2020-06-29 04:14:04', '2020-06-29 04:14:04'),
(237, 16, 37, 1, 0, 0, 0, '2020-06-24', '2020-06-29 04:14:04', '2020-06-29 04:14:04'),
(238, 16, 38, 1, 0, 0, 0, '2020-06-24', '2020-06-29 04:14:04', '2020-06-29 04:14:04'),
(239, 16, 39, 1, 0, 0, 0, '2020-06-24', '2020-06-29 04:14:04', '2020-06-29 04:14:04'),
(240, 16, 40, 1, 0, 0, 0, '2020-06-24', '2020-06-29 04:14:04', '2020-06-29 04:14:04'),
(241, 16, 41, 1, 0, 0, 0, '2020-06-24', '2020-06-29 04:14:04', '2020-06-29 04:14:04'),
(242, 16, 42, 1, 0, 0, 0, '2020-06-24', '2020-06-29 04:14:04', '2020-06-29 04:14:04'),
(243, 16, 43, 1, 0, 0, 0, '2020-06-24', '2020-06-29 04:14:04', '2020-06-29 04:14:04'),
(244, 16, 44, 1, 0, 0, 0, '2020-06-24', '2020-06-29 04:14:04', '2020-06-29 04:14:04'),
(245, 16, 45, 1, 0, 0, 0, '2020-06-24', '2020-06-29 04:14:04', '2020-06-29 04:14:04'),
(246, 16, 46, 1, 0, 0, 0, '2020-06-24', '2020-06-29 04:14:04', '2020-06-29 04:14:04'),
(247, 16, 47, 1, 0, 0, 0, '2020-06-24', '2020-06-29 04:14:04', '2020-06-29 04:14:04'),
(248, 16, 48, 1, 0, 0, 0, '2020-06-24', '2020-06-29 04:14:04', '2020-06-29 04:14:04'),
(249, 16, 49, 1, 0, 0, 0, '2020-06-24', '2020-06-29 04:14:04', '2020-06-29 04:14:04'),
(250, 16, 50, 1, 0, 0, 0, '2020-06-24', '2020-06-29 04:14:04', '2020-06-29 04:14:04'),
(251, 16, 51, 1, 0, 0, 0, '2020-06-24', '2020-06-29 04:14:04', '2020-06-29 04:14:04'),
(252, 16, 1301, 1, 0, 0, 0, '2020-06-24', '2020-06-29 04:14:04', '2020-06-29 04:14:04'),
(253, 16, 16, 1, 0, 0, 0, '2020-06-25', '2020-06-29 04:14:23', '2020-06-29 04:14:23'),
(254, 16, 17, 1, 0, 0, 0, '2020-06-25', '2020-06-29 04:14:23', '2020-06-29 04:14:23'),
(255, 16, 18, 1, 0, 0, 0, '2020-06-25', '2020-06-29 04:14:23', '2020-06-29 04:14:23'),
(256, 16, 19, 1, 0, 0, 0, '2020-06-25', '2020-06-29 04:14:23', '2020-06-29 04:14:23'),
(257, 16, 20, 1, 0, 0, 0, '2020-06-25', '2020-06-29 04:14:23', '2020-06-29 04:14:23'),
(258, 16, 21, 1, 0, 0, 0, '2020-06-25', '2020-06-29 04:14:23', '2020-06-29 04:14:23'),
(259, 16, 22, 1, 0, 0, 0, '2020-06-25', '2020-06-29 04:14:23', '2020-06-29 04:14:23'),
(260, 16, 23, 1, 0, 0, 0, '2020-06-25', '2020-06-29 04:14:23', '2020-06-29 04:14:23'),
(261, 16, 24, 1, 0, 0, 0, '2020-06-25', '2020-06-29 04:14:23', '2020-06-29 04:14:23'),
(262, 16, 25, 1, 0, 0, 0, '2020-06-25', '2020-06-29 04:14:23', '2020-06-29 04:14:23'),
(263, 16, 26, 1, 0, 0, 0, '2020-06-25', '2020-06-29 04:14:24', '2020-06-29 04:14:24'),
(264, 16, 27, 1, 0, 0, 0, '2020-06-25', '2020-06-29 04:14:24', '2020-06-29 04:14:24'),
(265, 16, 28, 1, 0, 0, 0, '2020-06-25', '2020-06-29 04:14:24', '2020-06-29 04:14:24'),
(266, 16, 29, 1, 0, 0, 0, '2020-06-25', '2020-06-29 04:14:24', '2020-06-29 04:14:24'),
(267, 16, 30, 1, 0, 0, 0, '2020-06-25', '2020-06-29 04:14:24', '2020-06-29 04:14:24'),
(268, 16, 31, 1, 0, 0, 0, '2020-06-25', '2020-06-29 04:14:24', '2020-06-29 04:14:24'),
(269, 16, 32, 1, 0, 0, 0, '2020-06-25', '2020-06-29 04:14:24', '2020-06-29 04:14:24'),
(270, 16, 33, 1, 0, 0, 0, '2020-06-25', '2020-06-29 04:14:24', '2020-06-29 04:14:24'),
(271, 16, 34, 1, 0, 0, 0, '2020-06-25', '2020-06-29 04:14:24', '2020-06-29 04:14:24'),
(272, 16, 35, 1, 0, 0, 0, '2020-06-25', '2020-06-29 04:14:24', '2020-06-29 04:14:24'),
(273, 16, 36, 1, 0, 0, 0, '2020-06-25', '2020-06-29 04:14:24', '2020-06-29 04:14:24'),
(274, 16, 37, 1, 0, 0, 0, '2020-06-25', '2020-06-29 04:14:24', '2020-06-29 04:14:24'),
(275, 16, 38, 1, 0, 0, 0, '2020-06-25', '2020-06-29 04:14:24', '2020-06-29 04:14:24'),
(276, 16, 39, 1, 0, 0, 0, '2020-06-25', '2020-06-29 04:14:24', '2020-06-29 04:14:24'),
(277, 16, 40, 1, 0, 0, 0, '2020-06-25', '2020-06-29 04:14:24', '2020-06-29 04:14:24'),
(278, 16, 41, 1, 0, 0, 0, '2020-06-25', '2020-06-29 04:14:24', '2020-06-29 04:14:24'),
(279, 16, 42, 1, 0, 0, 0, '2020-06-25', '2020-06-29 04:14:24', '2020-06-29 04:14:24'),
(280, 16, 43, 1, 0, 0, 0, '2020-06-25', '2020-06-29 04:14:24', '2020-06-29 04:14:24'),
(281, 16, 44, 1, 0, 0, 0, '2020-06-25', '2020-06-29 04:14:24', '2020-06-29 04:14:24'),
(282, 16, 45, 1, 0, 0, 0, '2020-06-25', '2020-06-29 04:14:24', '2020-06-29 04:14:24'),
(283, 16, 46, 1, 0, 0, 0, '2020-06-25', '2020-06-29 04:14:24', '2020-06-29 04:14:24'),
(284, 16, 47, 1, 0, 0, 0, '2020-06-25', '2020-06-29 04:14:24', '2020-06-29 04:14:24'),
(285, 16, 48, 1, 0, 0, 0, '2020-06-25', '2020-06-29 04:14:24', '2020-06-29 04:14:24'),
(286, 16, 49, 1, 0, 0, 0, '2020-06-25', '2020-06-29 04:14:25', '2020-06-29 04:14:25'),
(287, 16, 50, 1, 0, 0, 0, '2020-06-25', '2020-06-29 04:14:25', '2020-06-29 04:14:25'),
(288, 16, 51, 1, 0, 0, 0, '2020-06-25', '2020-06-29 04:14:25', '2020-06-29 04:14:25'),
(289, 16, 1301, 1, 0, 0, 0, '2020-06-25', '2020-06-29 04:14:25', '2020-06-29 04:14:25'),
(290, 16, 16, 1, 0, 0, 0, '2020-06-26', '2020-06-29 04:14:48', '2020-06-29 04:14:48'),
(291, 16, 17, 1, 0, 0, 0, '2020-06-26', '2020-06-29 04:14:50', '2020-06-29 04:14:50'),
(292, 16, 18, 1, 0, 0, 0, '2020-06-26', '2020-06-29 04:14:50', '2020-06-29 04:14:50'),
(293, 16, 19, 1, 0, 0, 0, '2020-06-26', '2020-06-29 04:14:50', '2020-06-29 04:14:50'),
(294, 16, 20, 1, 0, 0, 0, '2020-06-26', '2020-06-29 04:14:50', '2020-06-29 04:14:50'),
(295, 16, 21, 1, 0, 0, 0, '2020-06-26', '2020-06-29 04:14:50', '2020-06-29 04:14:50'),
(296, 16, 22, 1, 0, 0, 0, '2020-06-26', '2020-06-29 04:14:50', '2020-06-29 04:14:50'),
(297, 16, 23, 1, 0, 0, 0, '2020-06-26', '2020-06-29 04:14:50', '2020-06-29 04:14:50'),
(298, 16, 24, 1, 0, 0, 0, '2020-06-26', '2020-06-29 04:14:50', '2020-06-29 04:14:50'),
(299, 16, 25, 1, 0, 0, 0, '2020-06-26', '2020-06-29 04:14:50', '2020-06-29 04:14:50'),
(300, 16, 26, 1, 0, 0, 0, '2020-06-26', '2020-06-29 04:14:50', '2020-06-29 04:14:50'),
(301, 16, 27, 1, 0, 0, 0, '2020-06-26', '2020-06-29 04:14:50', '2020-06-29 04:14:50'),
(302, 16, 28, 1, 0, 0, 0, '2020-06-26', '2020-06-29 04:14:51', '2020-06-29 04:14:51'),
(303, 16, 29, 1, 0, 0, 0, '2020-06-26', '2020-06-29 04:14:51', '2020-06-29 04:14:51'),
(304, 16, 30, 1, 0, 0, 0, '2020-06-26', '2020-06-29 04:14:51', '2020-06-29 04:14:51'),
(305, 16, 31, 1, 0, 0, 0, '2020-06-26', '2020-06-29 04:14:51', '2020-06-29 04:14:51'),
(306, 16, 32, 1, 0, 0, 0, '2020-06-26', '2020-06-29 04:14:51', '2020-06-29 04:14:51'),
(307, 16, 33, 1, 0, 0, 0, '2020-06-26', '2020-06-29 04:14:51', '2020-06-29 04:14:51'),
(308, 16, 34, 1, 0, 0, 0, '2020-06-26', '2020-06-29 04:14:51', '2020-06-29 04:14:51'),
(309, 16, 35, 1, 0, 0, 0, '2020-06-26', '2020-06-29 04:14:51', '2020-06-29 04:14:51'),
(310, 16, 36, 1, 0, 0, 0, '2020-06-26', '2020-06-29 04:14:51', '2020-06-29 04:14:51'),
(311, 16, 37, 1, 0, 0, 0, '2020-06-26', '2020-06-29 04:14:51', '2020-06-29 04:14:51'),
(312, 16, 38, 1, 0, 0, 0, '2020-06-26', '2020-06-29 04:14:51', '2020-06-29 04:14:51'),
(313, 16, 39, 1, 0, 0, 0, '2020-06-26', '2020-06-29 04:14:51', '2020-06-29 04:14:51'),
(314, 16, 40, 1, 0, 0, 0, '2020-06-26', '2020-06-29 04:14:51', '2020-06-29 04:14:51'),
(315, 16, 41, 1, 0, 0, 0, '2020-06-26', '2020-06-29 04:14:51', '2020-06-29 04:14:51'),
(316, 16, 42, 1, 0, 0, 0, '2020-06-26', '2020-06-29 04:14:51', '2020-06-29 04:14:51'),
(317, 16, 43, 1, 0, 0, 0, '2020-06-26', '2020-06-29 04:14:51', '2020-06-29 04:14:51'),
(318, 16, 44, 1, 0, 0, 0, '2020-06-26', '2020-06-29 04:14:52', '2020-06-29 04:14:52'),
(319, 16, 45, 1, 0, 0, 0, '2020-06-26', '2020-06-29 04:14:52', '2020-06-29 04:14:52'),
(320, 16, 46, 1, 0, 0, 0, '2020-06-26', '2020-06-29 04:14:52', '2020-06-29 04:14:52'),
(321, 16, 47, 1, 0, 0, 0, '2020-06-26', '2020-06-29 04:14:52', '2020-06-29 04:14:52'),
(322, 16, 48, 1, 0, 0, 0, '2020-06-26', '2020-06-29 04:14:52', '2020-06-29 04:14:52'),
(323, 16, 49, 1, 0, 0, 0, '2020-06-26', '2020-06-29 04:14:52', '2020-06-29 04:14:52'),
(324, 16, 50, 1, 0, 0, 0, '2020-06-26', '2020-06-29 04:14:52', '2020-06-29 04:14:52'),
(325, 16, 51, 1, 0, 0, 0, '2020-06-26', '2020-06-29 04:14:52', '2020-06-29 04:14:52'),
(326, 16, 1301, 1, 0, 0, 0, '2020-06-26', '2020-06-29 04:14:52', '2020-06-29 04:14:52');

-- --------------------------------------------------------

--
-- Struktur dari tabel `tb_kelas`
--

CREATE TABLE `tb_kelas` (
  `id` int(11) NOT NULL,
  `nama_kelas` varchar(255) COLLATE utf8mb4_unicode_ci NOT NULL,
  `wali_kelas` varchar(255) COLLATE utf8mb4_unicode_ci NOT NULL,
  `created_at` timestamp NULL DEFAULT NULL,
  `updated_at` timestamp NULL DEFAULT NULL
) ENGINE=InnoDB DEFAULT CHARSET=utf8mb4 COLLATE=utf8mb4_unicode_ci;

--
-- Dumping data untuk tabel `tb_kelas`
--

INSERT INTO `tb_kelas` (`id`, `nama_kelas`, `wali_kelas`, `created_at`, `updated_at`) VALUES
(16, 'X BAHASA', 'A. ZAINURI, S.Pd', '2020-02-11 06:25:33', '2020-02-12 04:36:38'),
(17, 'X IPA 1', 'ASRI MELIANDARI, S.Pd', '2020-02-12 05:03:12', '2020-02-12 05:03:12'),
(18, 'X IPA 2', 'DR. M. DJAZULI, M.Si', '2020-02-11 07:00:45', '2020-02-11 07:00:45'),
(19, 'X IPA 3', 'ETIK KHOIRUN N, M.Pd', '2020-02-11 07:14:48', '2020-02-11 07:14:48'),
(20, 'X IPA 4', '(kosong)', '2020-02-11 07:28:38', '2020-02-11 07:28:38'),
(21, 'X IPA 5', 'SOKHIFUL M., S.Ag, MM', '2020-02-11 07:59:39', '2020-02-11 07:59:39'),
(22, 'X IPA 6', 'WARSONO C, S,Pd, M.Pd', '2020-02-11 08:20:31', '2020-02-11 08:20:31'),
(23, 'X IPA 7', 'KARMUDI S.Pd', '2020-02-11 08:52:54', '2020-02-11 08:52:54'),
(24, 'X IPA 8', 'SURAHMIN, S.Pd', '2020-02-11 09:11:56', '2020-02-11 09:11:56'),
(25, 'X IPS 1', 'NURKA AYU F, S.Pd', '2020-02-11 09:25:15', '2020-02-11 09:25:15'),
(26, 'X IPS 2', 'SITI MAISAROH, S.Pd', '2020-02-11 11:25:30', '2020-02-11 11:25:30'),
(27, 'X IPS 3', 'ADE BAGUS S, S.Pd', '2020-02-11 12:04:41', '2020-02-11 12:04:41'),
(28, 'XI BAHASA', 'NUR NIHAYATI, S.Pd', '2020-02-11 12:16:52', '2020-02-11 12:16:52'),
(29, 'XI IPA 1', 'NANANG ZAINUL A, S.Pd, M.Si', '2020-02-11 14:38:49', '2020-02-11 14:38:49'),
(30, 'XI IPA 2', 'EKO SUGIHARTO, S.Pd', '2020-02-11 14:48:02', '2020-02-11 14:48:02'),
(31, 'XI IPA 3', 'BAMBANG B L.P. S.Pd', '2020-02-11 14:58:28', '2020-02-11 14:58:28'),
(32, 'XI IPA 4', 'SAID MUSTHOFA, S.Pd I', '2020-02-11 15:08:04', '2020-02-11 15:08:04'),
(33, 'XI IPA 5', 'ISTIN NUR\'AINI, S.Pd', '2020-02-11 15:26:30', '2020-02-11 15:27:14'),
(34, 'XI IPA 6', 'DWI ADASRI, S.Pd', '2020-02-11 15:50:24', '2020-02-11 15:50:24'),
(35, 'XI IPA 7', 'Dra. SUCI SUTI\'AH', '2020-02-11 15:58:54', '2020-02-11 15:58:54'),
(36, 'XI IPA 8', 'Dra. KHUSNUL KHOTIMAH', '2020-02-11 16:17:59', '2020-02-11 16:17:59'),
(37, 'XI IPS 1', 'USWATIN B., S.Pd', '2020-02-11 16:29:02', '2020-02-11 16:29:02'),
(38, 'XI IPS 2', 'SUYONO, S.Pd', '2020-02-11 16:38:17', '2020-02-11 16:38:17'),
(39, 'XI IPS 3', 'Drs. SARMIYO', '2020-02-11 16:46:49', '2020-02-11 16:46:49'),
(40, 'XII BAHASA', 'SIDIK, S.Pd', '2020-02-11 17:06:12', '2020-02-11 17:06:12'),
(41, 'XII IPA 1', 'Drs. KASAN, MM', '2020-02-11 17:21:50', '2020-02-11 17:21:50'),
(42, 'XII IPA 2', 'ISLAMIYAH, S.Pd, M', '2020-02-11 17:32:04', '2020-02-11 17:32:04'),
(43, 'XII IPA 3', 'EDY SANTOSO, S.P', '2020-02-11 17:47:31', '2020-02-11 17:47:31'),
(44, 'XII IPA 4', 'Dra. NASIPAH', '2020-02-12 02:51:53', '2020-02-12 02:51:53'),
(45, 'XII IPA 5', 'HENI OKTAVIA, S.Kom', '2020-02-12 03:10:42', '2020-02-12 03:10:42'),
(46, 'XII IPA 6', 'HERMY W, S.Pd, M.Pd', '2020-02-12 03:25:38', '2020-02-12 03:25:38'),
(47, 'XII IPA 7', 'NANY S, S.Pd', '2020-02-12 03:40:19', '2020-02-12 03:40:19'),
(48, 'XII IPA 8', 'NURHAYATI S.Pd', '2020-02-12 03:55:01', '2020-02-12 03:55:01'),
(49, 'XII IPS 1', 'AINUR ROFIQ, S.Pd', '2020-02-12 04:07:11', '2020-02-12 04:07:11'),
(50, 'XII IPS 2', 'F DJAMIL, S.Pd, M.Pd', '2020-02-12 04:19:16', '2020-02-12 04:19:16'),
(51, 'XII IPS 3', 'ARIF BUDIMAN S.Sos', '2020-02-12 04:33:24', '2020-02-12 04:33:24');

-- --------------------------------------------------------

--
-- Struktur dari tabel `tb_siswa`
--

CREATE TABLE `tb_siswa` (
  `id` int(11) NOT NULL,
  `nama_siswa` varchar(255) COLLATE utf8mb4_unicode_ci NOT NULL,
  `nis` varchar(30) COLLATE utf8mb4_unicode_ci NOT NULL,
  `kelas_id` int(11) NOT NULL,
  `created_at` timestamp NULL DEFAULT NULL,
  `updated_at` timestamp NULL DEFAULT NULL
) ENGINE=InnoDB DEFAULT CHARSET=utf8mb4 COLLATE=utf8mb4_unicode_ci;

--
-- Dumping data untuk tabel `tb_siswa`
--

INSERT INTO `tb_siswa` (`id`, `nama_siswa`, `nis`, `kelas_id`, `created_at`, `updated_at`) VALUES
(16, 'ACHMAD ULIN NUHA', '04129', 16, '2020-02-12 04:57:00', '2020-02-12 04:57:00'),
(17, 'ADITYA ARIS SENA', '04135', 16, '2020-02-11 06:26:18', '2020-02-11 06:26:18'),
(18, 'AHMAD ANANTA RAJA ADITIYA', '04141', 16, '2020-02-11 06:26:43', '2020-02-11 06:26:43'),
(19, 'ALIF LAILI KUWANDHA', '04153', 16, '2020-02-11 06:27:14', '2020-02-11 06:27:14'),
(20, 'AMIRUDIN DIKO SETIAWAN', '04157', 16, '2020-02-11 06:27:44', '2020-02-11 06:27:44'),
(21, 'ANGGI DWI LESTARI', '04166', 16, '2020-02-11 06:28:17', '2020-02-11 06:28:17'),
(22, 'AYUSI PUTRI AGUSTIN', '04184', 16, '2020-02-11 06:28:46', '2020-02-11 06:28:46'),
(23, 'BENING FAJAR AYU LISTYA', '04187', 16, '2020-02-11 06:29:23', '2020-02-11 06:29:23'),
(24, 'CHYNTIA PUTRI ANGELINA', '04200', 16, '2020-02-11 06:29:52', '2020-02-11 06:29:52'),
(25, 'DESI KUSUMANINGTYAS', '04209', 16, '2020-02-11 06:30:10', '2020-02-11 06:30:10'),
(26, 'DHIVA SELVIRA MELLYANA NOVA', '04221', 16, '2020-02-11 06:30:32', '2020-02-11 06:30:32'),
(27, 'EVA ROSALINDA DEWI', '04258', 16, '2020-02-11 06:31:08', '2020-02-11 06:31:08'),
(28, 'FARIDA PUTRI ARIANI', '04264', 16, '2020-02-11 06:31:27', '2020-02-11 06:31:27'),
(29, 'FEBRIANI KHALIMATUS SADIYAH', '04265', 16, '2020-02-11 06:31:54', '2020-02-11 06:31:54'),
(30, 'FITRIANA NOVITASARI', '04272', 16, '2020-02-11 06:32:13', '2020-02-11 06:32:13'),
(31, 'GALANG BAGUS KURNIAWAN', '04275', 16, '2020-02-11 06:32:33', '2020-02-11 06:32:33'),
(32, 'HERU TRI LAKSONO', '04287', 16, '2020-02-11 06:32:58', '2020-02-11 06:32:58'),
(33, 'IZZAH NABILAH', '04307', 16, '2020-02-11 06:33:16', '2020-02-11 06:33:16'),
(34, 'LOKA ARTA ADITYA AGUSTIN', '04326', 16, '2020-02-11 06:33:36', '2020-02-11 06:33:36'),
(35, 'MAULANA HAKIM AL RASYID', '04338', 16, '2020-02-11 06:34:18', '2020-02-11 06:34:18'),
(36, 'MUHAMMAD ABDAD RAFIF EFENDI', '04363', 16, '2020-02-11 06:34:56', '2020-02-11 06:34:56'),
(37, 'MUHAMMAD HABIB ALVIANSYAH', '04367', 16, '2020-02-11 06:35:28', '2020-02-11 06:35:28'),
(38, 'MUHAMMAD RIZKI ARGI MARCELINO', '04373', 16, '2020-02-11 06:35:58', '2020-02-11 06:35:58'),
(39, 'MUHAMMAD SYAMSUL HUDA', '04376', 16, '2020-02-11 06:36:20', '2020-02-11 06:36:20'),
(40, 'NABILA LAILA NISAK', '04382', 16, '2020-02-11 06:36:40', '2020-02-11 06:36:40'),
(41, 'NABILLA AMELIA SUBAKTI', '04383', 16, '2020-02-11 06:37:03', '2020-02-11 06:37:03'),
(42, 'NARENORA DINI HAPSARI', '04390', 16, '2020-02-11 06:37:44', '2020-02-11 06:37:44'),
(43, 'NUR LAILA CAHYAWATI', '04406', 16, '2020-02-11 06:38:19', '2020-02-11 06:38:19'),
(44, 'NURLITA FARADILA', '04408', 16, '2020-02-11 06:38:36', '2020-02-11 06:38:36'),
(45, 'RIKO DWI ANANTA', '04451', 16, '2020-02-11 06:38:54', '2020-02-11 06:38:54'),
(46, 'SITI MAKSUNAH', '04495', 16, '2020-02-11 06:39:11', '2020-02-11 06:39:11'),
(47, 'VANDA PUTRI PERMADANI', '04516', 16, '2020-02-11 06:39:29', '2020-02-11 06:39:29'),
(48, 'WAHYU MAULANA RAMADHAN', '04528', 16, '2020-02-11 06:39:45', '2020-02-11 06:39:45'),
(49, 'WINDA SEPTA AMALIA', '04532', 16, '2020-02-11 06:40:01', '2020-02-11 06:40:01'),
(50, 'YULIA NAJWA RACHMAD DARMAWAN', '04544', 16, '2020-02-11 06:40:18', '2020-02-11 06:40:18'),
(51, 'ZHELZHA ATHALA RANIA INSYRA', '04560', 16, '2020-02-11 06:40:35', '2020-02-11 06:40:35'),
(52, 'ABDUL AZIZ ZAKARIYA', '04126', 17, '2020-02-11 06:46:10', '2020-02-11 06:46:10'),
(53, 'ADELIA PUPUT LESTARI', '04130', 17, '2020-02-11 06:46:25', '2020-02-11 06:46:25'),
(54, 'AMELIA BENYTA ALFIANTI', '04156', 17, '2020-02-11 06:46:44', '2020-02-11 06:46:44'),
(55, 'ANJAR RAMADHANI', '04169', 17, '2020-02-11 06:47:01', '2020-02-11 06:47:01'),
(56, 'AULIL ASSYUROTIN NISA', '04181', 17, '2020-02-11 06:47:24', '2020-02-11 06:47:24'),
(57, 'CECCYLIA VERONICA AFANDIRA', '04194', 17, '2020-02-11 06:47:39', '2020-02-11 06:47:39'),
(58, 'CHINTYA DWI ALIYA MEIFA', '04197', 17, '2020-02-11 06:48:02', '2020-02-11 06:48:02'),
(59, 'DAFFA RIZKIDHIYA HANIF', '04204', 17, '2020-02-11 06:48:20', '2020-02-11 06:48:20'),
(60, 'DITA CAHYANINGTIYAS', '04231', 17, '2020-02-11 06:48:35', '2020-02-11 06:48:35'),
(61, 'ELLYANA DWI RANDYANY', '04247', 17, '2020-02-11 06:48:51', '2020-02-11 06:48:51'),
(62, 'ENRIQUE HANS MARTIN WAGIU', '04251', 17, '2020-02-11 06:49:07', '2020-02-11 06:49:07'),
(63, 'ERINA PUTRI KINANTI', '04254', 17, '2020-02-11 06:49:31', '2020-02-11 06:49:31'),
(64, 'FITRIA NUR FADILAH', '04271', 17, '2020-02-11 06:49:45', '2020-02-11 06:49:45'),
(65, 'FREDYKA NASHWA RAMADHANI', '04273', 17, '2020-02-11 06:50:00', '2020-02-11 06:50:00'),
(66, 'HAIDAR MAULIDHI FIRMANSYAH', '04280', 17, '2020-02-11 06:50:15', '2020-02-11 06:50:15'),
(67, 'IRMA NUR RIZKIANTI', '04303', 17, '2020-02-11 06:50:32', '2020-02-11 06:50:32'),
(68, 'MAULIT NANDA DWI KURNIA', '04342', 17, '2020-02-11 06:50:49', '2020-02-11 06:50:49'),
(69, 'MAYA TUSVIA SABELLA', '04343', 17, '2020-02-11 06:51:07', '2020-02-11 06:51:07'),
(70, 'MOCHAMAD ALFITO DWI CAHYONO', '04352', 17, '2020-02-11 06:51:23', '2020-02-11 06:51:23'),
(71, 'MOH. RAMADHANY GURUH S', '04359', 17, '2020-02-11 06:51:49', '2020-02-11 06:51:49'),
(72, 'MUHAMMAD RIVALDO BAGASKARA', '04372', 17, '2020-02-11 06:52:12', '2020-02-11 06:52:12'),
(73, 'MUHAMMAD SYAIFUDIN ZUHRI', '04375', 17, '2020-02-11 06:52:31', '2020-02-11 06:52:31'),
(74, 'NATASYA APRILIA PUTRI MURYANTO', '04392', 17, '2020-02-11 06:52:46', '2020-02-11 06:52:46'),
(75, 'NAZHWA ALIFIA NOERFAYZA', '04394', 17, '2020-02-11 06:53:08', '2020-02-11 06:53:08'),
(76, 'NENCY ARTA AMANDA', '04396', 17, '2020-02-11 06:53:26', '2020-02-11 06:53:26'),
(77, 'PUTRI AYU KINASIH', '04418', 17, '2020-02-11 06:54:14', '2020-02-11 06:54:14'),
(78, 'RAMA WAHYU SAMPURNO', '04433', 17, '2020-02-11 06:54:28', '2020-02-11 06:54:28'),
(79, 'RIVAL ANDRIANTO', '04462', 17, '2020-02-11 06:54:46', '2020-02-11 06:54:46'),
(80, 'ROSALIA TRI OKTAVIANI', '04470', 17, '2020-02-11 06:55:02', '2020-02-11 06:55:02'),
(81, 'ROSSA ANJELI FEBRIANTI', '04472', 17, '2020-02-11 06:55:16', '2020-02-11 06:55:16'),
(82, 'SALMA DEWI AMBARWATI', '04476', 17, '2020-02-11 06:55:32', '2020-02-11 06:55:32'),
(83, 'SALSABILA LAILATUN NIMAH', '04477', 17, '2020-02-11 06:55:48', '2020-02-11 06:55:48'),
(84, 'SUKMA VIA DEASWA RAHMALIA', '04500', 17, '2020-02-11 06:56:01', '2020-02-11 06:56:01'),
(85, 'TALITA ADE AMALIA', '04501', 17, '2020-02-11 06:56:21', '2020-02-11 06:56:21'),
(86, 'VICKY ADI FIRMANSYAH', '04522', 17, '2020-02-11 06:56:36', '2020-02-11 06:56:36'),
(87, 'WILY WAHYUDI KURNIAWAN', '04531', 17, '2020-02-11 06:56:51', '2020-02-11 06:56:51'),
(88, 'ACHMAD FAUZI NOVIANTO', '04127', 18, '2020-02-11 07:01:17', '2020-02-11 07:01:17'),
(89, 'ADISTY DELLA FIRNANDA', '04133', 18, '2020-02-11 07:01:33', '2020-02-11 07:01:33'),
(90, 'ANANTA OKTAVIYA', '04160', 18, '2020-02-11 07:01:53', '2020-02-11 07:01:53'),
(91, 'ANNISA DEVI FITRIYANTI', '04170', 18, '2020-02-11 07:02:09', '2020-02-11 07:02:09'),
(92, 'AUREL ABELITA ELSA SUROSO', '04182', 18, '2020-02-11 07:02:30', '2020-02-11 07:02:30'),
(93, 'CHRISTANTY DWI KURNIAWATI', '04198', 18, '2020-02-11 07:02:49', '2020-02-11 07:02:49'),
(94, 'CHRISTIANO YHUGA PAMUNGKAS', '04199', 18, '2020-02-11 07:03:06', '2020-02-11 07:03:06'),
(95, 'CIPTA HENING ALIFIAH CHEILLA P R S SA', '04203', 18, '2020-02-11 07:03:47', '2020-02-11 07:03:47'),
(96, 'DENDY THOMAS PERMADI', '04208', 18, '2020-02-11 07:04:04', '2020-02-11 07:04:04'),
(97, 'DITA ROHMATUL ILMI', '04233', 18, '2020-02-11 07:04:18', '2020-02-11 07:04:18'),
(98, 'ELOK RATNA NINGSIH', '04248', 18, '2020-02-11 07:04:41', '2020-02-11 07:04:41'),
(99, 'ELVINA PUTRI ARI SUNYOTO', '04249', 18, '2020-02-11 07:05:00', '2020-02-11 07:05:00'),
(100, 'FRILA MONICA KARTIKA SARI', '04274', 18, '2020-02-11 07:05:16', '2020-02-11 07:05:16'),
(101, 'HADINA INDANA ZULFA', '04278', 18, '2020-02-11 07:05:28', '2020-02-11 07:05:28'),
(102, 'HANDIKA MAULANA RAMADHAN', '04281', 18, '2020-02-11 07:05:44', '2020-02-11 07:05:44'),
(103, 'IRMA YUNITA', '04304', 18, '2020-02-11 07:06:03', '2020-02-11 07:06:03'),
(104, 'MEYVA NUR LAILA', '04346', 18, '2020-02-11 07:06:18', '2020-02-11 07:06:18'),
(105, 'MOCH. DAFA ZULFAN MA`RUF AL', '04350', 18, '2020-02-11 07:06:32', '2020-02-11 07:06:32'),
(106, 'MUHAMAD NURCAHYO DWI UTOMO', '04362', 18, '2020-02-11 07:06:47', '2020-02-11 07:06:47'),
(107, 'MUHAMMAD RAMADHAN ISWAHYUDA', '04371', 18, '2020-02-11 07:07:00', '2020-02-11 07:07:00'),
(108, 'MUHAMMAD WILDANI AKBAR', '04377', 18, '2020-02-11 07:08:03', '2020-02-11 07:08:03'),
(109, 'MUTIARA MEI SALYNA', '04380', 18, '2020-02-11 07:08:19', '2020-02-11 07:08:19'),
(110, 'NILANTA DITA FITRIANI', '04399', 18, '2020-02-11 07:08:34', '2020-02-11 07:08:34'),
(111, 'NITA NURIYA DWI AYUNI', '04400', 18, '2020-02-11 07:08:55', '2020-02-11 07:08:55'),
(112, 'PUTRI FIRDA FEBRIANTI', '04419', 18, '2020-02-11 07:09:16', '2020-02-11 07:09:16'),
(113, 'RANGGA FAJAR ADIGUNA', '04434', 18, '2020-02-11 07:09:37', '2020-02-11 07:09:37'),
(114, 'RIZAL RIZKY RAMADAN', '04463', 18, '2020-02-11 07:09:54', '2020-02-11 07:09:54'),
(115, 'ROHMATUL NUR YAHYA', '04468', 18, '2020-02-11 07:10:08', '2020-02-11 07:10:08'),
(116, 'SALSABILA NUR AINI', '04478', 18, '2020-02-11 07:10:22', '2020-02-11 07:10:22'),
(117, 'SALVA DEWI AMBARWATI', '04479', 18, '2020-02-11 07:10:35', '2020-02-11 07:10:35'),
(118, 'SRI ASTUTIK', '04499', 18, '2020-02-11 07:10:49', '2020-02-11 07:10:49'),
(119, 'TASYA NAZARINA PUTRI', '04503', 18, '2020-02-11 07:11:03', '2020-02-11 07:11:03'),
(120, 'TAZKIYAH FIKAROH RAMADA', '04505', 18, '2020-02-11 07:11:21', '2020-02-11 07:11:21'),
(121, 'TEGAR GALUH RANGGA SUSANTO', '04506', 18, '2020-02-11 07:11:36', '2020-02-11 07:11:36'),
(122, 'WISNU HILMANSYAH', '04533', 18, '2020-02-11 07:11:51', '2020-02-11 07:11:51'),
(123, 'ZUMROTUL AFIFAH', '04561', 18, '2020-02-11 07:12:07', '2020-02-11 07:12:07'),
(124, 'ACHMAD RIZKI SAFRUDDIN', '04128', 19, '2020-02-11 07:15:19', '2020-02-11 07:15:19'),
(125, 'AFIFAH IDA SETYO RINI', '04137', 19, '2020-02-11 07:15:37', '2020-02-11 07:15:37'),
(126, 'ANDHINI NOVITA PUTRI', '04161', 19, '2020-02-11 07:16:04', '2020-02-11 07:16:04'),
(127, 'ARISKA IRNANDA', '04171', 19, '2020-02-11 07:16:49', '2020-02-11 07:16:49'),
(128, 'AYESHA NUR LATHIFA', '04183', 19, '2020-02-11 07:17:06', '2020-02-11 07:17:06'),
(129, 'CHERIL JUAN ARIE PUTRA', '04196', 19, '2020-02-11 07:17:18', '2020-02-11 07:17:18'),
(130, 'DEBY FEBRIAN ARINI', '04206', 19, '2020-02-11 07:17:30', '2020-02-11 07:17:30'),
(131, 'DELLA PRATIKA', '04207', 19, '2020-02-11 07:17:43', '2020-02-11 07:17:43'),
(132, 'DHIKA SALVATOR', '04220', 19, '2020-02-11 07:18:01', '2020-02-11 07:18:01'),
(133, 'ERIKA FIQRI ZHAIN', '04252', 19, '2020-02-11 07:18:24', '2020-02-11 07:18:24'),
(134, 'ERIKA SEPTI PURNAMA WATI', '04253', 19, '2020-02-11 07:18:40', '2020-02-11 07:18:40'),
(135, 'HANIF DZAKY RAHMATULLOH', '04282', 19, '2020-02-11 07:19:23', '2020-02-11 07:19:23'),
(136, 'HERLINA VARNANDA', '04286', 19, '2020-02-11 07:19:35', '2020-02-11 07:19:35'),
(137, 'HESTI TANTINA KURNIANINGSIH', '04288', 19, '2020-02-11 07:19:46', '2020-02-11 07:19:46'),
(138, 'ISLAMIYATUR ROSIDA', '04306', 19, '2020-02-11 07:20:01', '2020-02-11 07:20:01'),
(139, 'JAGAD ARTHA ISNAYNI', '04308', 19, '2020-02-11 07:20:16', '2020-02-11 07:20:16'),
(140, 'MOCH DEDY BACHTIAR', '04348', 19, '2020-02-11 07:20:33', '2020-02-11 07:20:33'),
(141, 'MUHAMMAD ADESVIAN PUTRA Y', '04364', 19, '2020-02-11 07:20:48', '2020-02-11 07:20:48'),
(142, 'NADIA JIHAN FAUZIAH', '04385', 19, '2020-02-11 07:21:00', '2020-02-11 07:21:00'),
(143, 'NAVAL DWI AFIF NASRULLOH', '04393', 19, '2020-02-11 07:21:19', '2020-02-11 07:21:19'),
(144, 'NUR AFIF KHOMSATIN', '04401', 19, '2020-02-11 07:21:32', '2020-02-11 07:21:32'),
(145, 'PUTRI HAJAR SYALSABILAH', '04420', 19, '2020-02-11 07:22:33', '2020-02-11 07:22:33'),
(146, 'RAHMA ALLYSA ABELYA', '04428', 19, '2020-02-11 07:23:03', '2020-02-11 07:23:03'),
(147, 'REEGAN ELVAREDA KAFFA', '04435', 19, '2020-02-11 07:23:15', '2020-02-11 07:23:15'),
(148, 'RIRIN TRI WIDIYANTI', '04453', 19, '2020-02-11 07:23:29', '2020-02-11 07:23:29'),
(149, 'RISTYA DWI NURMILASARI', '04461', 19, '2020-02-11 07:23:45', '2020-02-11 07:23:45'),
(150, 'RIZKA ABELLIAWATISFINA P', '04464', 19, '2020-02-11 07:23:59', '2020-02-11 07:23:59'),
(151, 'RIZKY ARKHAM IBRAHIM', '04465', 19, '2020-02-11 07:24:13', '2020-02-11 07:24:13'),
(152, 'ROSALINA BERLIANA PERMATA S', '04471', 19, '2020-02-11 07:24:26', '2020-02-11 07:24:26'),
(153, 'RYAN BINTANG BAGASWARA', '04475', 19, '2020-02-11 07:24:42', '2020-02-11 07:24:42'),
(154, 'SASKIA AGUSTIN', '04480', 19, '2020-02-11 07:24:55', '2020-02-11 07:24:55'),
(155, 'SASKIA AULYA PUTRI NIRWANA', '04481', 19, '2020-02-11 07:25:11', '2020-02-11 07:25:11'),
(156, 'SETYA ILHAM RAYYANA PUTRA', '04485', 19, '2020-02-11 07:25:27', '2020-02-11 07:25:27'),
(157, 'VALENT KEYLLAFARA SIMON', '04514', 19, '2020-02-11 07:25:41', '2020-02-11 07:25:41'),
(158, 'YUSHAR ERZA PANDEGA', '04550', 19, '2020-02-11 07:25:58', '2020-02-11 07:25:58'),
(159, 'ZALFA NAZHIFAH', '04557', 19, '2020-02-11 07:26:11', '2020-02-11 07:26:11'),
(160, 'ADITIYA RENSI RANGGA YUDHA', '04134', 20, '2020-02-11 07:34:06', '2020-02-11 07:34:06'),
(161, 'AGNEST LAUREN FIRDAUS', '04140', 20, '2020-02-11 07:35:27', '2020-02-11 07:35:27'),
(162, 'ANDHISSA ARMALA AYUN', '04162', 20, '2020-02-11 07:36:41', '2020-02-11 07:36:41'),
(163, 'ARLISA', '04172', 20, '2020-02-11 07:37:11', '2020-02-11 07:37:11'),
(164, 'AZIZAH MARSYATIKA', '04185', 20, '2020-02-11 07:37:39', '2020-02-11 07:37:39'),
(165, 'BILLY MAHESA SAPUTRA', '04188', 20, '2020-02-11 07:38:09', '2020-02-11 07:38:09'),
(166, 'DEVI NUR ROKHMAH', '04212', 20, '2020-02-11 07:38:42', '2020-02-11 07:38:42'),
(167, 'DEVINA THALIA PUTRI NABILAH', '04215', 20, '2020-02-11 07:39:11', '2020-02-11 07:39:11'),
(168, 'DITO YURO HERMANSYAH', '04234', 20, '2020-02-11 07:39:59', '2020-02-11 07:39:59'),
(169, 'DWI ROHMATULLOH', '04240', 20, '2020-02-11 07:40:29', '2020-02-11 07:40:29'),
(170, 'ELINA VIRA FEBRIARIANTY', '04246', 20, '2020-02-11 07:41:00', '2020-02-11 07:41:00'),
(171, 'ERLYSA MAHARANI PUTRI', '04255', 20, '2020-02-11 07:41:35', '2020-02-11 07:41:35'),
(172, 'HARIONO AINUR ROFIQ', '04283', 20, '2020-02-11 07:42:08', '2020-02-11 07:42:08'),
(173, 'HIDAYATI SAYYIDATUL SHOLIKAH', '04289', 20, '2020-02-11 07:42:49', '2020-02-11 07:42:49'),
(174, 'ILMIANA EVRILIANTI', '04291', 20, '2020-02-11 07:43:16', '2020-02-11 07:43:16'),
(175, 'KARTIKA NUR BUDIATI', '04313', 20, '2020-02-11 07:43:44', '2020-02-11 07:43:44'),
(176, 'KUSMIATI DWI RAMADHANI', '04316', 20, '2020-02-11 07:44:13', '2020-02-11 07:44:13'),
(177, 'MAULANA MUHAMMAD AINUL YAQIN', '04339', 20, '2020-02-11 07:44:59', '2020-02-11 07:44:59'),
(178, 'MOCHAMAD FERDIANSYAH', '04354', 20, '2020-02-11 07:45:42', '2020-02-11 07:45:42'),
(179, 'MUHAMMAD ARIF PRASETYO', '04365', 20, '2020-02-11 07:46:18', '2020-02-11 07:46:18'),
(180, 'NADIA RAMADHANI', '04386', 20, '2020-02-11 07:46:48', '2020-02-11 07:46:48'),
(181, 'NAZMI IQBAL DWI ARDIANSYAH', '04395', 20, '2020-02-11 07:47:23', '2020-02-11 07:47:23'),
(182, 'NUR AFIFAH FAUZIAH', '04402', 20, '2020-02-11 07:48:02', '2020-02-11 07:48:02'),
(183, 'NUR AYU DELA PRAMESTI', '04403', 20, '2020-02-11 07:49:22', '2020-02-11 07:49:22'),
(184, 'RAHMAWATI DWI LESTARI', '04431', 20, '2020-02-11 07:50:01', '2020-02-11 07:50:01'),
(185, 'RENDY RAMADHANI', '04437', 20, '2020-02-11 07:51:31', '2020-02-11 07:51:31'),
(186, 'RISKA NUR MEGA LESTARI', '04455', 20, '2020-02-11 07:52:17', '2020-02-11 07:52:17'),
(187, 'RISMA NUR AZIZAH', '04458', 20, '2020-02-11 07:52:48', '2020-02-11 07:52:48'),
(188, 'RISNA OKTARIA', '04459', 20, '2020-02-11 07:53:25', '2020-02-11 07:53:25'),
(189, 'RISQINARESA PUTRI NORI', '04460', 20, '2020-02-11 07:53:54', '2020-02-11 07:53:54'),
(190, 'RIZQI DHARMAWAN', '04466', 20, '2020-02-11 07:54:30', '2020-02-11 07:54:30'),
(191, 'SAZKIA EKA FITRIANI', '04484', 20, '2020-02-11 07:55:45', '2020-02-11 07:55:45'),
(192, 'SHARLA SYAFRINA NUFRIANDINI', '04486', 20, '2020-02-11 07:56:25', '2020-02-11 07:56:25'),
(193, 'SHERINDA AMELIA PUTRI', '04488', 20, '2020-02-11 07:57:01', '2020-02-11 07:57:01'),
(194, 'VANESSA AURELIA', '04517', 20, '2020-02-11 07:57:31', '2020-02-11 07:57:31'),
(195, 'WAHYU NIRMALA JATI', '04529', 20, '2020-02-11 07:57:59', '2020-02-11 07:57:59'),
(196, 'ALFANDI KUSUMA', '04136', 21, '2020-02-11 08:00:09', '2020-02-11 08:00:09'),
(197, 'AICK RIMADHANTI', '04146', 21, '2020-02-11 08:00:20', '2020-02-11 08:00:20'),
(198, 'ANDINI FITRIA SYAVELLA', '04164', 21, '2020-02-11 08:00:35', '2020-02-11 08:00:35'),
(199, 'ARMANETHA PRASTIKA Y', '04174', 21, '2020-02-11 08:00:51', '2020-02-11 08:00:51'),
(200, 'ASYROF JUNIAN DWI SANTOSO', '04178', 21, '2020-02-11 08:02:52', '2020-02-11 08:02:52'),
(201, 'BINAWATI DWI MARTININGTYAS', '04189', 21, '2020-02-11 08:03:08', '2020-02-11 08:03:08'),
(202, 'DEVY INDAH PUTRI PAMILIH', '04216', 21, '2020-02-11 08:03:22', '2020-02-11 08:03:22'),
(203, 'DEWI RASA WULAN', '04218', 21, '2020-02-11 08:03:36', '2020-02-11 08:03:36'),
(204, 'DIVO SAKHA FRAMANA', '04236', 21, '2020-02-11 08:03:48', '2020-02-11 08:03:48'),
(205, 'DWI SALZABHILLA PUTRI', '04241', 21, '2020-02-11 08:04:04', '2020-02-11 08:04:04'),
(206, 'ERSA ALIYYAH SALSABILLA', '04256', 21, '2020-02-11 08:04:19', '2020-02-11 08:04:19'),
(207, 'ERVY WANDA WULANDARI SUYONO', '04257', 21, '2020-02-11 08:04:34', '2020-02-11 08:04:34'),
(208, 'HARIS FIRMANSYAH', '04284', 21, '2020-02-11 08:04:50', '2020-02-11 08:04:50'),
(209, 'IMELDA HAWA RAMADHANY', '04292', 21, '2020-02-11 08:05:04', '2020-02-11 08:05:04'),
(210, 'INDAH NUR FADILA', '04294', 21, '2020-02-11 08:05:19', '2020-02-11 08:05:19'),
(211, 'LA\'ALIA AZZAH AQILAH', '04317', 21, '2020-02-11 08:05:33', '2020-02-11 08:05:33'),
(212, 'LAILA AL RAMADHANI', '04318', 21, '2020-02-11 08:05:48', '2020-02-11 08:05:48'),
(213, 'MAULANA ADITYA FURQON AR', '04337', 21, '2020-02-11 08:06:03', '2020-02-11 08:06:03'),
(214, 'MAULIDA SYARIFAH', '04340', 21, '2020-02-11 08:06:16', '2020-02-11 08:06:16'),
(215, 'MAULIDYAH TRI SETYORINI', '04341', 21, '2020-02-11 08:08:37', '2020-02-11 08:08:37'),
(216, 'MOCHAMMAD KHULAFAUR ROSYIDIN', '04355', 21, '2020-02-11 08:09:01', '2020-02-11 08:09:01'),
(217, 'MUHAMMAD CANDRA NUR ROZAK', '04366', 21, '2020-02-11 08:09:30', '2020-02-11 08:09:30'),
(218, 'NADIA FARADILLA', '04387', 21, '2020-02-11 08:10:05', '2020-02-11 08:10:05'),
(219, 'NUR FAIZATURROHMAH', '04404', 21, '2020-02-11 08:10:44', '2020-02-11 08:10:44'),
(220, 'NUR INDAH KUSMINARTI ARISKA', '04405', 21, '2020-02-11 08:11:16', '2020-02-11 08:11:16'),
(221, 'PANDU IRAWAN', '04411', 21, '2020-02-11 08:11:55', '2020-02-11 08:11:55'),
(222, 'RENA AMALYA', '04436', 21, '2020-02-11 08:12:37', '2020-02-11 08:12:37'),
(223, 'RENSA ABDILLAH FITRIANTO', '04439', 21, '2020-02-11 08:13:46', '2020-02-11 08:13:46'),
(224, 'RISKA AHWA ANGGRAENI', '04454', 21, '2020-02-11 08:14:53', '2020-02-11 08:14:53'),
(225, 'RISKY FITRI ANGGRAINI', '04456', 21, '2020-02-11 08:15:26', '2020-02-11 08:15:26'),
(226, 'ROBBERT RISTANTO', '04467', 21, '2020-02-11 08:15:59', '2020-02-11 08:15:59'),
(227, 'SHOFIA PERMATA KASINTA', '04491', 21, '2020-02-11 08:16:27', '2020-02-11 08:16:27'),
(228, 'VANESSA RADIA AZARINE', '04518', 21, '2020-02-11 08:16:57', '2020-02-11 08:16:57'),
(229, 'VAZKYA NASYIKHATUL UMMAH', '04520', 21, '2020-02-11 08:17:29', '2020-02-11 08:17:29'),
(230, 'YUSTICIA INGGIT HIDAYATULLOH', '04552', 21, '2020-02-11 08:18:01', '2020-02-11 08:18:01'),
(231, 'ZAHRA CAHYANINGTYAS', '04555', 21, '2020-02-11 08:18:23', '2020-02-11 08:18:23'),
(232, 'AGAM IMANU WILYDOAN', '04139', 22, '2020-02-11 08:21:38', '2020-02-11 08:21:38'),
(233, 'AHMAD SODIK BAYHAKI', '04144', 22, '2020-02-11 08:22:10', '2020-02-11 08:22:10'),
(234, 'AIMEE NATYA RAMADHANI', '04147', 22, '2020-02-11 08:23:11', '2020-02-11 08:23:11'),
(235, 'AMRIL AGAM MUBARROK', '04158', 22, '2020-02-11 08:23:37', '2020-02-11 08:23:37'),
(236, 'ANGGRAINI SAGITA SANTIA PUTRI', '04167', 22, '2020-02-11 08:24:12', '2020-02-11 08:24:12'),
(237, 'BRAZALIA ITALIANO ARABIA ZAIN', '04190', 22, '2020-02-11 08:24:44', '2020-02-11 08:24:44'),
(238, 'DEWY ANGGUN PUTRI PAMILIH', '04219', 22, '2020-02-11 08:25:08', '2020-02-11 08:25:08'),
(239, 'DIAS JESIKA MARCHANDA', '04222', 22, '2020-02-11 08:25:47', '2020-02-11 08:25:47'),
(240, 'EKA JULIANA PUTRI', '04242', 22, '2020-02-11 08:26:14', '2020-02-11 08:26:14'),
(241, 'FANNY AMELIA WATI', '04260', 22, '2020-02-11 08:29:10', '2020-02-11 08:29:10'),
(242, 'FARADILA OCTAVIA RAMADHANTI', '04261', 22, '2020-02-11 08:30:09', '2020-02-11 08:30:09'),
(243, 'FARCHAN ABDULLOH', '04262', 22, '2020-02-11 08:30:52', '2020-02-11 08:30:52'),
(244, 'GASTIA DAFA\' HANIF', '04276', 22, '2020-02-11 08:31:18', '2020-02-11 08:31:18'),
(245, 'HAVEL WILDAN AZMI', '04285', 22, '2020-02-11 08:31:58', '2020-02-11 08:31:58'),
(246, 'INELVA ANGGI ARIFIANTY', '04295', 22, '2020-02-11 08:32:24', '2020-02-11 08:32:24'),
(247, 'INGE TALIA ANGGUN BELLA F', '04296', 22, '2020-02-11 08:32:51', '2020-02-11 08:32:51'),
(248, 'JOVANSHA ARIYAWAN', '04312', 22, '2020-02-11 08:33:19', '2020-02-11 08:33:19'),
(249, 'LAILATUS SAIDAH', '04319', 22, '2020-02-11 08:33:47', '2020-02-11 08:33:47'),
(250, 'LIVIA MARSHANDA SONIA', '04325', 22, '2020-02-11 08:34:21', '2020-02-11 08:34:21'),
(251, 'MERLIN FIRA BACHTIAR', '04345', 22, '2020-02-11 08:35:44', '2020-02-11 08:35:44'),
(252, 'MOCHAMAD ROFIIN', '04356', 22, '2020-02-11 08:36:16', '2020-02-11 08:36:16'),
(253, 'MUHAMMAD HASAN', '04368', 22, '2020-02-11 08:36:36', '2020-02-11 08:36:36'),
(254, 'NAINA FILIYA UMMAH SALSABILLA', '04388', 22, '2020-02-11 08:36:56', '2020-02-11 08:36:56'),
(255, 'NURCAHAYANI KARINADESI', '04407', 22, '2020-02-11 08:37:22', '2020-02-11 08:37:22'),
(256, 'NURUL PUJI ASTUTIK', '04409', 22, '2020-02-11 08:37:40', '2020-02-11 08:37:40'),
(257, 'RAGA DEARY FRISKY', '04426', 22, '2020-02-11 08:38:08', '2020-02-11 08:38:08'),
(258, 'RETNO DWI KHOFIFAH', '04443', 22, '2020-02-11 08:38:34', '2020-02-11 08:38:34'),
(259, 'REY TANTI CANDRA LUKITA', '04444', 22, '2020-02-11 08:39:32', '2020-02-11 08:39:32'),
(260, 'RIEKE PUTRI KINASIH', '04448', 22, '2020-02-11 08:39:50', '2020-02-11 08:39:50'),
(261, 'RIFQI FERDIYANTO RAMADHAN', '04449', 22, '2020-02-11 08:40:43', '2020-02-11 08:40:43'),
(262, 'RINNEKE ANGGRAENI MUFFIDAH S', '04452', 22, '2020-02-11 08:41:10', '2020-02-11 08:41:10'),
(263, 'SINTYA AGUSTIN SETIAWAN', '04493', 22, '2020-02-11 08:41:36', '2020-02-11 08:41:36'),
(264, 'TAN WULAN PAKUNGWATI', '04502', 22, '2020-02-11 08:42:01', '2020-02-11 08:42:01'),
(265, 'YESY RINAS DWI AGUSTINA A.', '04538', 22, '2020-02-11 08:42:40', '2020-02-11 08:42:40'),
(266, 'YUNANDA NING DEWAYANTI H', '04547', 22, '2020-02-11 08:43:17', '2020-02-11 08:43:17'),
(267, 'YUYUN INDAH PERMATASARI', '04554', 22, '2020-02-11 08:43:39', '2020-02-11 08:43:39'),
(268, 'AHMAD WAHYUDI', '04145', 23, '2020-02-11 08:53:26', '2020-02-11 08:53:26'),
(269, 'AHMAD SAFII', '04142', 23, '2020-02-11 08:53:39', '2020-02-11 08:53:39'),
(270, 'AKNES NUR AVIYAH', '04150', 23, '2020-02-11 08:53:53', '2020-02-11 08:53:53'),
(271, 'ALIF ADITYA DHARMA PUTRA P', '04151', 23, '2020-02-11 08:54:09', '2020-02-11 08:54:09'),
(272, 'ANITA NURUL FITRIANI', '04168', 23, '2020-02-11 08:54:23', '2020-02-11 08:54:23'),
(273, 'ASSHOLIHATUN NISA', '04177', 23, '2020-02-11 08:54:38', '2020-02-11 08:54:38'),
(274, 'BRIGITA BERLIAN PERMATASARI', '04191', 23, '2020-02-11 08:54:51', '2020-02-11 08:54:51'),
(275, 'DINARA ZALFAINI', '04225', 23, '2020-02-11 08:55:07', '2020-02-11 08:55:07'),
(276, 'DINDA NURAIN PRANGESTI RAHAYU', '04227', 23, '2020-02-11 08:55:20', '2020-02-11 08:55:20'),
(277, 'EKA MAURITA', '04243', 23, '2020-02-11 08:55:33', '2020-02-11 08:55:33'),
(278, 'FARELLIO EFENDI', '04263', 23, '2020-02-11 08:55:47', '2020-02-11 08:55:47'),
(279, 'FEBRIANTI NURIYA INDRIANA', '04266', 23, '2020-02-11 08:56:05', '2020-02-11 08:56:05'),
(280, 'FEBYANA DAMAYANTI', '04268', 23, '2020-02-11 08:56:18', '2020-02-11 08:56:18'),
(281, 'INTAN LUTFIAH ROSIDA', '04299', 23, '2020-02-11 08:56:32', '2020-02-11 08:56:32'),
(282, 'INTAN MAARIFAH NURAINI', '04300', 23, '2020-02-11 08:56:48', '2020-02-11 08:56:48'),
(283, 'JOSE ISA PRASETYO WASTORO', '04311', 23, '2020-02-11 08:57:02', '2020-02-11 08:57:02'),
(284, 'LIDYA DWI NUR AFIQOH', '04322', 23, '2020-02-11 08:57:14', '2020-02-11 08:57:14'),
(285, 'LULITA NORMA YAHYA', '04327', 23, '2020-02-11 08:57:28', '2020-02-11 08:57:28'),
(286, 'MARETA DWI NUR CAHYANI', '04333', 23, '2020-02-11 08:57:45', '2020-02-11 08:57:45'),
(287, 'MARINI EKA MARSYERLYNA', '04334', 23, '2020-02-11 08:58:13', '2020-02-11 08:58:13'),
(288, 'MOCHAMMAD TASKA FIRDAUS', '04357', 23, '2020-02-11 08:58:28', '2020-02-11 08:58:28'),
(289, 'MUKHAMMAD DHANI MAULUDHIN', '04379', 23, '2020-02-11 08:58:47', '2020-02-11 08:58:47'),
(290, 'NAJZELYA ANGIE PUTRI MAYMOKO', '04389', 23, '2020-02-11 09:07:03', '2020-02-11 09:07:03'),
(291, 'NYAMI KUS BANDINI', '04410', 23, '2020-02-11 09:07:21', '2020-02-11 09:07:21'),
(292, 'POPI KURNIAWATI', '04412', 23, '2020-02-11 09:07:35', '2020-02-11 09:07:35'),
(293, 'RAHMAT NAUFAL', '04430', 23, '2020-02-11 09:07:48', '2020-02-11 09:07:48'),
(294, 'REZA ADELIA', '04446', 23, '2020-02-11 09:08:04', '2020-02-11 09:08:04'),
(295, 'RICHA MULYA ARTIKASARI', '04447', 23, '2020-02-11 09:08:18', '2020-02-11 09:08:18'),
(296, 'RIFQI RAZZAN NAUFAL DZIKRULLAH', '04450', 23, '2020-02-11 09:08:33', '2020-02-11 09:08:33'),
(297, 'ROY MAHENDRA PEDRO PRATAMA', '04473', 23, '2020-02-11 09:08:46', '2020-02-11 09:08:46'),
(298, 'SITI KHOIRO UMATIN', '04494', 23, '2020-02-11 09:09:02', '2020-02-11 09:09:02'),
(299, 'SITI MUHAJIROH', '04496', 23, '2020-02-11 09:09:16', '2020-02-11 09:09:16'),
(300, 'THERESIA FEBY AURALYA', '04507', 23, '2020-02-11 09:09:32', '2020-02-11 09:09:32'),
(301, 'VINDA ARINI', '04525', 23, '2020-02-11 09:09:49', '2020-02-11 09:09:49'),
(302, 'VIRDHAISMA FADILAH', '04526', 23, '2020-02-11 09:10:03', '2020-02-11 09:10:03'),
(303, 'YULIA RAHMAWATI', '04545', 23, '2020-02-11 09:10:17', '2020-02-11 09:10:17'),
(304, 'AINUL YAQIN', '04148', 24, '2020-02-11 09:12:20', '2020-02-11 09:12:20'),
(305, 'AKHMAD HABIB NUR FAUZI', '04149', 24, '2020-02-11 09:12:33', '2020-02-11 09:12:33'),
(306, 'AMANDA CANDRANINGTYAS', '04155', 24, '2020-02-11 09:12:52', '2020-02-11 09:12:52'),
(307, 'ANANDA CAMELIA', '04159', 24, '2020-02-11 09:13:06', '2020-02-11 09:13:06'),
(308, 'ATENSYA ANGGELA LAURENZ', '04179', 24, '2020-02-11 09:13:20', '2020-02-11 09:13:20'),
(309, 'AULIA INDRA HARDINI', '04180', 24, '2020-02-11 09:13:44', '2020-02-11 09:13:44'),
(310, 'BRILIANA FARA ARDIYANTI', '04192', 24, '2020-02-11 09:13:56', '2020-02-11 09:13:56'),
(311, 'DINNY ARIANI', '04228', 24, '2020-02-11 09:14:09', '2020-02-11 09:14:09'),
(312, 'DITA AMELIA', '04230', 24, '2020-02-11 09:14:22', '2020-02-11 09:14:22'),
(313, 'EKA PUTRI OKTAVIANA', '04244', 24, '2020-02-11 09:14:35', '2020-02-11 09:14:35'),
(314, 'FELIZHA AURORA', '04269', 24, '2020-02-11 09:15:19', '2020-02-11 09:15:19'),
(315, 'FITRI PURNAWATI', '04270', 24, '2020-02-11 09:15:41', '2020-02-11 09:15:41'),
(316, 'HAFIDZ ZAHWANA SUFA', '04279', 24, '2020-02-11 09:15:54', '2020-02-11 09:15:54'),
(317, 'INTAN NUR ROHMAWATI', '04301', 24, '2020-02-11 09:16:07', '2020-02-11 09:16:07'),
(318, 'INTAN NURAINI', '04302', 24, '2020-02-11 09:16:18', '2020-02-11 09:16:18'),
(319, 'JALER KURNIA LEGOWO', '04309', 24, '2020-02-11 09:16:34', '2020-02-11 09:16:34'),
(320, 'LINTANG MAYADA PUTRI', '04324', 24, '2020-02-11 09:17:02', '2020-02-11 09:17:02'),
(321, 'MANARUL HUDAY AL ADZIM', '04332', 24, '2020-02-11 09:17:23', '2020-02-11 09:17:23'),
(322, 'MARKIES DIANA DESY MAHARANI', '04335', 24, '2020-02-11 09:17:39', '2020-02-11 09:17:39'),
(323, 'MASAYU DESY FITRIA NINGRUM', '04336', 24, '2020-02-11 09:18:01', '2020-02-11 09:18:01'),
(324, 'MOCHAMMAD TOMY SANTOSO', '04358', 24, '2020-02-11 09:18:14', '2020-02-11 09:18:14'),
(325, 'MUHAMMAD KARFIN ARDY ANSYA', '04370', 24, '2020-02-11 09:18:27', '2020-02-11 09:18:27'),
(326, 'NABIL AHMAD FATHUR ROHMAN', '04381', 24, '2020-02-11 09:18:40', '2020-02-11 09:18:40'),
(327, 'NATASYA AFIFAH MAHARANI', '04391', 24, '2020-02-11 09:18:51', '2020-02-11 09:18:51'),
(328, 'PUPUT AYU RAHMAWATI', '04413', 24, '2020-02-11 09:19:05', '2020-02-11 09:19:05'),
(329, 'PUSPITA FEBRYANTI', '04416', 24, '2020-02-11 09:19:22', '2020-02-11 09:19:22'),
(330, 'RAIHAN SATRIA PUTRA FIRDAUS', '04432', 24, '2020-02-11 09:19:35', '2020-02-11 09:19:35'),
(331, 'RYAN BAGUS ADI NARATA', '04474', 24, '2020-02-11 09:19:52', '2020-02-11 09:19:52'),
(332, 'SATRIA RANGGADI PUTRA', '04482', 24, '2020-02-11 09:20:06', '2020-02-11 09:20:06'),
(333, 'SITI NUR AFIFA', '04497', 24, '2020-02-11 09:20:22', '2020-02-11 09:20:22'),
(334, 'TITAH PINASTHI', '04508', 24, '2020-02-11 09:20:34', '2020-02-11 09:20:34'),
(335, 'TSABITA AZMIYAH ALIVIANI', '04512', 24, '2020-02-11 09:20:49', '2020-02-11 09:20:49'),
(336, 'WIDYANA PUJI RAHAYU', '04530', 24, '2020-02-11 09:21:07', '2020-02-11 09:21:07'),
(337, 'YESI AVRELIA', '04535', 24, '2020-02-11 09:21:29', '2020-02-11 09:21:29'),
(338, 'YESSA EPIFANIA PUTRI SANTOSO', '04536', 24, '2020-02-11 09:21:47', '2020-02-11 09:21:47'),
(339, 'YUANITA TRIHASTUTIK R', '04543', 24, '2020-02-11 09:22:02', '2020-02-11 09:22:02'),
(340, 'ZAHWA RENZA PUTRA NAZLINAR', '04556', 24, '2020-02-11 09:22:15', '2020-02-11 09:22:15'),
(341, 'ADELIO BOBY JONATHAN', '04131', 25, '2020-02-11 09:25:46', '2020-02-11 09:25:46'),
(342, 'ALUNG FEBRI PERMADANI', '04154', 25, '2020-02-11 09:26:05', '2020-02-11 09:26:05'),
(343, 'AZZAHRA MELIA MARTIANO', '04186', 25, '2020-02-11 09:26:22', '2020-02-11 09:26:22'),
(344, 'BUNGA NUR SYARI', '04193', 25, '2020-02-11 09:26:35', '2020-02-11 09:26:35'),
(345, 'CHALQIMI MAFAZA', '04195', 25, '2020-02-11 09:26:56', '2020-02-11 09:26:56'),
(346, 'CINDY DWI MAULIDIYA', '04201', 25, '2020-02-11 09:27:11', '2020-02-11 09:27:11'),
(347, 'DEVI SETIYOWATI', '04214', 25, '2020-02-11 09:27:23', '2020-02-11 09:27:23'),
(348, 'DEWI KRIS ANGGRAENI', '04217', 25, '2020-02-11 09:27:34', '2020-02-11 09:27:34'),
(349, 'DIO FERDYANSYAH RAMADHANI', '04229', 25, '2020-02-11 09:27:45', '2020-02-11 09:27:45'),
(350, 'DWI NABHILLA PUTRI', '04238', 25, '2020-02-11 09:27:59', '2020-02-11 09:27:59'),
(351, 'DWI NUR ULFA MASRUROH', '04239', 25, '2020-02-11 09:28:11', '2020-02-11 09:28:11'),
(352, 'ELEN DWI LESTARI', '04245', 25, '2020-02-11 09:29:18', '2020-02-11 09:29:18'),
(353, 'IRNANDA ETA FITRIANA', '04305', 25, '2020-02-11 09:29:30', '2020-02-11 09:29:30'),
(354, 'JAMANDA DWI MUKTI', '04310', 25, '2020-02-11 09:29:43', '2020-02-11 09:29:43'),
(355, 'KENYA NARESWARI', '04314', 25, '2020-02-11 09:29:57', '2020-02-11 09:29:57'),
(356, 'LAKSMI NUR JAYANTI', '04320', 25, '2020-02-11 09:30:19', '2020-02-11 09:30:19'),
(357, 'LINGGA BUANA DEWI', '04323', 25, '2020-02-11 09:30:30', '2020-02-11 09:30:30'),
(358, 'MAFTUHIN AGUNG PRASETIA', '04330', 25, '2020-02-11 09:30:43', '2020-02-11 09:30:43'),
(359, 'MELVI EKA KARUNIA PUTRI', '04344', 25, '2020-02-11 09:30:55', '2020-02-11 09:30:55'),
(360, 'MOCH. CALVIN ANDRIANSYAH', '04349', 25, '2020-02-11 09:31:18', '2020-02-11 09:31:18'),
(361, 'MOH. SYAH FARISQI', '04360', 25, '2020-02-11 09:31:33', '2020-02-11 09:31:33'),
(362, 'MUCHAMMAD FATTACHU ROZZAQ', '04361', 25, '2020-02-11 09:31:54', '2020-02-11 09:31:54'),
(363, 'NIKEN SUSILOWATI', '04398', 25, '2020-02-11 09:32:10', '2020-02-11 09:32:10'),
(364, 'PUSPA AYU OKTAVIANA', '04414', 25, '2020-02-11 09:32:22', '2020-02-11 09:32:22'),
(365, 'PUTRI SABRINA OKTAVIA', '04422', 25, '2020-02-11 09:32:36', '2020-02-11 09:32:36'),
(366, 'RENITA TRIA AMELINDA', '04438', 25, '2020-02-11 09:32:51', '2020-02-11 09:32:51'),
(367, 'REYHAN ACHMAD ZHAKARULLAH', '04445', 25, '2020-02-11 09:33:09', '2020-02-11 09:33:37'),
(368, 'RISMA DEVI OKTAVIANI', '04457', 25, '2020-02-11 09:33:51', '2020-02-11 09:33:51'),
(369, 'SATRIYA YUDHA PRATAMA', '04483', 25, '2020-02-11 09:34:25', '2020-02-11 09:34:25'),
(370, 'SHEFA REGINA AKILA SARI', '04487', 25, '2020-02-11 09:34:38', '2020-02-11 09:34:38'),
(371, 'TASYA ULFA ANANDITA', '04504', 25, '2020-02-11 09:34:52', '2020-02-11 09:34:52'),
(372, 'TITANIA APRILIA EKA WULANSARI', '04509', 25, '2020-02-11 09:35:02', '2020-02-11 09:35:02'),
(373, 'TUHFA ULA AUDRYA DALILA', '04513', 25, '2020-02-11 09:35:13', '2020-02-11 09:35:13'),
(374, 'VINA LAILATUL MASLAKHA', '04523', 25, '2020-02-11 09:35:24', '2020-02-11 09:35:24'),
(375, 'YESSY ARIYANTI PUTRI', '04537', 25, '2020-02-11 09:35:35', '2020-02-11 09:35:35'),
(376, 'YUNI SINTYA SARI', '04548', 25, '2020-02-11 09:35:47', '2020-02-11 09:35:47'),
(377, 'AFWANSYAH WAHYU PRATAMA', '04138', 26, '2020-02-11 11:25:56', '2020-02-11 11:25:56'),
(378, 'ANDIAZ PRATAMA PUTRA', '04163', 26, '2020-02-11 11:26:38', '2020-02-11 11:26:38'),
(379, 'ANGELI PUTRI IMELDA', '04165', 26, '2020-02-11 11:27:20', '2020-02-11 11:30:21'),
(380, 'ARNETTA AMELIA PUTRI', '04176', 26, '2020-02-11 11:30:04', '2020-02-11 11:30:04'),
(381, 'CINTA ALISA AZ ZAHRA', '04202', 26, '2020-02-11 11:53:32', '2020-02-11 11:53:32'),
(382, 'DANY RAFLIANDA TIRA', '04205', 26, '2020-02-11 11:53:52', '2020-02-11 11:53:52'),
(383, 'DIMAS AYU KHOFIFAH', '04223', 26, '2020-02-11 11:54:06', '2020-02-11 11:54:06'),
(384, 'DINDA FITRIA IMROATUS SAKDIAH', '04226', 26, '2020-02-11 11:54:26', '2020-02-11 11:54:26'),
(385, 'DWI INAYATUS SOLIKHA', '04237', 26, '2020-02-11 11:54:37', '2020-02-11 11:54:37'),
(386, 'ENDAH SUWARNI', '04250', 26, '2020-02-11 11:54:50', '2020-02-11 11:54:50'),
(387, 'FADYA AYU RAHMADI', '04259', 26, '2020-02-11 11:55:03', '2020-02-11 11:55:03'),
(388, 'FEBRILIANI NUR HAKIKI', '04267', 26, '2020-02-11 11:55:18', '2020-02-11 11:55:18'),
(389, 'KHOIRUN NISA', '04315', 26, '2020-02-11 11:55:39', '2020-02-11 11:55:39'),
(390, 'M.ALIM SYAFIUR ROHMAN', '04329', 26, '2020-02-11 11:55:52', '2020-02-11 11:55:52'),
(391, 'MOCHAMAD BAGAS FIRMANSYAH', '04353', 26, '2020-02-11 11:56:06', '2020-02-11 11:56:06'),
(392, 'MOCHAMMAD RIZKY MAULANA', '04374', 26, '2020-02-11 11:56:18', '2020-02-11 11:56:18'),
(393, 'MUKHAMAD FIRDAUS F', '04378', 26, '2020-02-11 11:56:37', '2020-02-11 11:56:37'),
(394, 'NETA CLOUDIA', '04397', 26, '2020-02-11 11:56:52', '2020-02-11 11:56:52'),
(395, 'PUSPITA DWI AMBAR SARI', '04415', 26, '2020-02-11 11:57:06', '2020-02-11 11:57:06'),
(396, 'PUTRI ANGGRAENI PRIMADANI', '04417', 26, '2020-02-11 11:57:34', '2020-02-11 11:57:34'),
(397, 'RACHEL MAULIA', '04423', 26, '2020-02-11 11:57:48', '2020-02-11 11:57:48'),
(398, 'RAFI AKBAR FIRNANDA', '04425', 26, '2020-02-11 11:58:07', '2020-02-11 11:58:07'),
(399, 'RESHINTA WAHYU LEXY SUYANTI', '04440', 26, '2020-02-11 11:58:23', '2020-02-11 11:58:23'),
(400, 'RESTI DWI ARINI', '04442', 26, '2020-02-11 11:58:37', '2020-02-11 11:58:37'),
(401, 'ROOFID DHIYA ULHAQ RAKHMADI', '04469', 26, '2020-02-11 11:58:51', '2020-02-11 11:58:51'),
(402, 'SHERYL MAYDHIKA AUREL PH', '04489', 26, '2020-02-11 11:59:05', '2020-02-11 11:59:05'),
(403, 'SILVIA DEVI SAFITRI', '04492', 26, '2020-02-11 11:59:18', '2020-02-11 11:59:18'),
(404, 'TRI PRAJA DEWI JUNIAR', '04510', 26, '2020-02-11 11:59:33', '2020-02-11 11:59:33'),
(405, 'VALERYA PINKY ARI PURNOMO', '04515', 26, '2020-02-11 11:59:47', '2020-02-11 11:59:47'),
(406, 'VANIA EKA SLARI WULANDARI', '04519', 26, '2020-02-11 12:00:01', '2020-02-11 12:00:01'),
(407, 'VINA NUR SEFTIANA', '04524', 26, '2020-02-11 12:00:15', '2020-02-11 12:00:15'),
(408, 'WAHYU DWI KUSMASALI', '04527', 26, '2020-02-11 12:00:27', '2020-02-11 12:00:27'),
(409, 'YNGWIE HERFI AL QADDAFI', '04539', 26, '2020-02-11 12:00:55', '2020-02-11 12:00:55'),
(410, 'YOKEBETH PATRIA SENADI', '04540', 26, '2020-02-11 12:01:09', '2020-02-11 12:01:09'),
(411, 'YOLANDA CINTYA SILVANA PUTRI', '04541', 26, '2020-02-11 12:01:21', '2020-02-11 12:01:21'),
(412, 'YUNINGSIH', '04549', 26, '2020-02-11 12:01:37', '2020-02-11 12:01:37'),
(413, 'ZELINDA SAFIRA', '04559', 26, '2020-02-11 12:01:50', '2020-02-11 12:01:50'),
(414, 'AHMAD SHOCHIFUL ARIF', '04143', 27, '2020-02-11 12:05:12', '2020-02-11 12:05:12'),
(415, 'ADELLIA PUTRI EFENDI', '04132', 27, '2020-02-11 12:05:31', '2020-02-11 12:05:31'),
(416, 'ALIF CINCINATI', '04152', 27, '2020-02-11 12:05:47', '2020-02-11 12:05:47'),
(417, 'ARMADI WURYAN GURITNO', '04173', 27, '2020-02-11 12:06:01', '2020-02-11 12:06:01'),
(418, 'ARNETA PRAMESTI RAHMADANI', '04175', 27, '2020-02-11 12:06:13', '2020-02-11 12:06:13'),
(419, 'DEVARA ADHELIA FAJARRINI', '04210', 27, '2020-02-11 12:06:25', '2020-02-11 12:06:25'),
(420, 'DEVI IRMAYA', '04211', 27, '2020-02-11 12:06:38', '2020-02-11 12:06:38'),
(421, 'DEVI PUSPITA ANGGRAINI', '04213', 27, '2020-02-11 12:06:51', '2020-02-11 12:06:51'),
(422, 'DIMAS SURYA FIRMANSYAH', '04224', 27, '2020-02-11 12:07:29', '2020-02-11 12:07:29'),
(423, 'DITA LUTFITA SARI', '04232', 27, '2020-02-11 12:08:00', '2020-02-11 12:08:00'),
(424, 'DIVA REFFERIA ATAUPAH', '04235', 27, '2020-02-11 12:08:13', '2020-02-11 12:08:13'),
(425, 'GHOFATA ALBAB', '04277', 27, '2020-02-11 12:08:29', '2020-02-11 12:08:29'),
(426, 'ILHAM RACHMADI', '04290', 27, '2020-02-11 12:08:41', '2020-02-11 12:08:41'),
(427, 'IMELDA YUNIAR ANGGRAINI', '04293', 27, '2020-02-11 12:08:59', '2020-02-11 12:08:59'),
(428, 'INKA PUTRI LESMANA', '04297', 27, '2020-02-11 12:09:12', '2020-02-11 12:09:12'),
(429, 'INTAN AL MADINA', '04298', 27, '2020-02-11 12:09:23', '2020-02-11 12:09:23'),
(430, 'LEONARDO RONAN ARFIAN', '04321', 27, '2020-02-11 12:09:36', '2020-02-11 12:09:36'),
(431, 'LYESEL DWINTA PUTRY', '04328', 27, '2020-02-11 12:09:49', '2020-02-11 12:09:49'),
(432, 'MALINDA RISKA APRILIA', '04331', 27, '2020-02-11 12:10:00', '2020-02-11 12:10:00'),
(433, 'MITA ANGELINA', '04347', 27, '2020-02-11 12:10:26', '2020-02-11 12:10:26'),
(434, 'MOCH. YOGI PRESETYO', '04351', 27, '2020-02-11 12:11:00', '2020-02-11 12:11:00'),
(435, 'MUHAMMAD IBRAHIM EFENDI', '04369', 27, '2020-02-11 12:11:18', '2020-02-11 12:11:18'),
(436, 'NADA MAULIA', '04384', 27, '2020-02-11 12:11:33', '2020-02-11 12:11:33'),
(437, 'PUTRI KIARA ARIENDYA', '04421', 27, '2020-02-11 12:11:48', '2020-02-11 12:11:48'),
(438, 'RAFI ADHIMA', '04424', 27, '2020-02-11 12:12:00', '2020-02-11 12:12:00'),
(439, 'RAGIEL CAHYA TEGAR SAPUTRA', '04427', 27, '2020-02-11 12:12:16', '2020-02-11 12:12:16'),
(440, 'RAHMADINATA PRATONO PUTRI', '04429', 27, '2020-02-11 12:12:31', '2020-02-11 12:12:31'),
(441, 'RESITA MIA ARDHANA', '04441', 27, '2020-02-11 12:12:43', '2020-02-11 12:12:43'),
(442, 'SHILVI WANDA ALISSYA', '04490', 27, '2020-02-11 12:13:00', '2020-02-11 12:13:00'),
(443, 'SOVIA DWI CAHYANI', '04498', 27, '2020-02-11 12:13:14', '2020-02-11 12:13:14'),
(444, 'TRISKA AULIA DHANIA', '04511', 27, '2020-02-11 12:13:26', '2020-02-11 12:13:26'),
(445, 'VENA NUR AVIVAH', '04521', 27, '2020-02-11 12:13:40', '2020-02-11 12:13:40'),
(446, 'YAUANA ASOKAWATI F Al', '04534', 27, '2020-02-11 12:13:57', '2020-02-11 12:13:57'),
(447, 'YOSUA BAMBANG ADJI S', '04542', 27, '2020-02-11 12:14:20', '2020-02-11 12:14:20'),
(448, 'YULIS FATMAWATI', '04546', 27, '2020-02-11 12:14:37', '2020-02-11 12:14:37'),
(449, 'YUSNIA WULANDARI', '04551', 27, '2020-02-11 12:14:56', '2020-02-11 12:14:56'),
(450, 'ABELLA PUTRI AULIA PRASTITA', '03694', 28, '2020-02-11 12:17:15', '2020-02-11 12:17:15'),
(451, 'AMANDA AVILIA', '03734', 28, '2020-02-11 12:17:33', '2020-02-11 12:17:33'),
(452, 'AMANDA VENCLY VANIA', '03740', 28, '2020-02-11 12:17:52', '2020-02-11 12:17:52'),
(453, 'ANASTASYA HAYYU PRATIWI', '03746', 28, '2020-02-11 12:18:07', '2020-02-11 12:18:07'),
(454, 'ANGGIX DWI RAHMANIA', '03753', 28, '2020-02-11 12:18:19', '2020-02-11 12:18:19'),
(455, 'AUDY FEBRIANTY', '03768', 28, '2020-02-11 12:18:30', '2020-02-11 12:18:30'),
(456, 'AURA TRIANI AZZARO PUTRI', '03771', 28, '2020-02-11 12:18:43', '2020-02-11 12:18:43'),
(457, 'CYNTYA LUDIN NOURMA PUTRI', '03792', 28, '2020-02-11 12:18:59', '2020-02-11 12:18:59'),
(458, 'DESY PURWATI', '03807', 28, '2020-02-11 12:19:14', '2020-02-11 12:19:14'),
(459, 'DEVINA NATASYAFIRA', '03811', 28, '2020-02-11 12:19:26', '2020-02-11 12:19:26'),
(460, 'DEVIRAMULYO SEPTIANA', '03813', 28, '2020-02-11 12:19:45', '2020-02-11 12:19:45'),
(461, 'FADIA DWI ADIS SETYOBUDI', '03847', 28, '2020-02-11 12:19:57', '2020-02-11 12:19:57'),
(462, 'IKE PERMATASARI', '03889', 28, '2020-02-11 12:20:09', '2020-02-11 12:20:09'),
(463, 'INTAN AMINAH', '03897', 28, '2020-02-11 12:20:23', '2020-02-11 12:20:23'),
(464, 'KELVIN MULYANA ZULIANTO', '03908', 28, '2020-02-11 12:20:38', '2020-02-11 12:20:38'),
(465, 'KHOFIFAH DIAH NINGRUM', '03909', 28, '2020-02-11 12:20:49', '2020-02-11 12:20:49'),
(466, 'MARCHELLA SAFIRA AULIA SANTOSO', '03922', 28, '2020-02-11 12:21:03', '2020-02-11 12:21:03'),
(467, 'MOCH FENDRA ANANDA HERMAWANSYAH', '03933', 28, '2020-02-11 12:21:18', '2020-02-11 12:21:18'),
(468, 'MOZA RAFADILLA AZ-ZAHRA', '03950', 28, '2020-02-11 12:21:40', '2020-02-11 12:21:40'),
(469, 'MUHAMMAD IDAM ARDIYANTO', '03963', 28, '2020-02-11 12:21:56', '2020-02-11 12:21:56'),
(470, 'NABILA NATHANIA PUTRI', '03971', 28, '2020-02-11 12:22:09', '2020-02-11 12:22:09'),
(471, 'PUTRI NOFIA SARI', '04008', 28, '2020-02-11 12:22:21', '2020-02-11 12:22:21'),
(472, 'REZA NUR ASLAMAH', '04025', 28, '2020-02-11 12:22:33', '2020-02-11 12:22:33'),
(473, 'SASKIA SADIVA PUTRI', '04050', 28, '2020-02-11 12:22:46', '2020-02-11 12:22:46'),
(474, 'SUCI SETYAWATI', '04067', 28, '2020-02-11 12:23:00', '2020-02-11 12:23:00'),
(475, 'TIARA SEPTIAZIZAH', '04074', 28, '2020-02-11 12:23:17', '2020-02-11 12:23:17'),
(476, 'TIARA VIONA VERONICA', '04075', 28, '2020-02-11 12:23:30', '2020-02-11 12:23:30'),
(477, 'TITI YANI PUJISUSANTI', '04077', 28, '2020-02-11 12:23:44', '2020-02-11 12:23:44'),
(478, 'YOSIVA LIANGPUTRA', '04112', 28, '2020-02-11 12:23:55', '2020-02-11 12:23:55'),
(479, 'ZUMROTUL MAULIDAH ISTIKANING DIAS TUTI', '04119', 28, '2020-02-11 12:24:11', '2020-02-11 12:24:11'),
(480, 'NOVIANA RAMADANI', '04124', 28, '2020-02-11 12:24:28', '2020-02-11 12:24:28'),
(481, 'AGUNG DWI PRASETYO', '03711', 29, '2020-02-11 14:39:12', '2020-02-11 14:39:12'),
(482, 'AILIYAH NUR FEBRYANTI', '03717', 29, '2020-02-11 14:39:25', '2020-02-11 14:39:25'),
(483, 'AMALIYA TUZZUR RIKHAH PUTRI S', '03733', 29, '2020-02-11 14:39:36', '2020-02-11 14:39:36'),
(484, 'ARINDANA DWI PRASASTI', '03764', 29, '2020-02-11 14:39:47', '2020-02-11 14:39:47'),
(485, 'CHELSY JELITA CHINTA PUTRI HERWINDO', '03785', 29, '2020-02-11 14:39:58', '2020-02-11 14:39:58'),
(486, 'DANANG DWI KURNIAWAN', '03796', 29, '2020-02-11 14:40:13', '2020-02-11 14:40:13'),
(487, 'DAVID SADDAM SEBASTIAN', '03797', 29, '2020-02-11 14:40:26', '2020-02-11 14:40:26'),
(488, 'DEVI TRIANA KHANTI', '03809', 29, '2020-02-11 14:40:38', '2020-02-11 14:40:38'),
(489, 'DIAN MAULITA PUSPITA SARI', '03822', 29, '2020-02-11 14:41:01', '2020-02-11 14:41:01'),
(490, 'ERVIANA JESSICA WULANDARI', '03843', 29, '2020-02-11 14:41:12', '2020-02-11 14:41:12'),
(491, 'FEDERIKA JUNIA PUTRI WARDANI', '03861', 29, '2020-02-11 14:41:24', '2020-02-11 14:41:24'),
(492, 'FERRY ARDYAN MAULANA', '03863', 29, '2020-02-11 14:41:38', '2020-02-11 14:41:38'),
(493, 'GALUH AJENG LIDYANINGRUM', '03873', 29, '2020-02-11 14:41:50', '2020-02-11 14:41:50'),
(494, 'INNA HANDRIANTI RUKMANA', '03896', 29, '2020-02-11 14:42:03', '2020-02-11 14:42:03'),
(495, 'KHOFIFA NUR MUFIDA', '03910', 29, '2020-02-11 14:42:16', '2020-02-11 14:42:16'),
(496, 'LUQMAN AMALLUDIN', '03919', 29, '2020-02-11 14:42:31', '2020-02-11 14:42:31'),
(497, 'LUSI RAHMAWATI', '03920', 29, '2020-02-11 14:42:43', '2020-02-11 14:42:43'),
(498, 'MOCHAMMAD KHAFIDZ `AINUL YAQIEN', '03942', 29, '2020-02-11 14:42:56', '2020-02-11 14:42:56'),
(499, 'MUHAMAD DIHA ALFIANSYAH', '03953', 29, '2020-02-11 14:43:09', '2020-02-11 14:43:09'),
(500, 'MUHAMMAD FARIS', '03962', 29, '2020-02-11 14:43:31', '2020-02-11 14:43:31'),
(501, 'MUHAMMAD MUSLICHUDIN AUF RIDHO', '03965', 29, '2020-02-11 14:43:45', '2020-02-11 14:43:45'),
(502, 'NATASYA AYU SAFITRI', '03979', 29, '2020-02-11 14:43:59', '2020-02-11 14:43:59'),
(503, 'NAZULA RAHMATUZZUHAIROH RAMADHINA', '03981', 29, '2020-02-11 14:44:11', '2020-02-11 14:44:11'),
(504, 'NISVY IDANIATUL VANESYAH PUTRI', '03983', 29, '2020-02-11 14:44:23', '2020-02-11 14:44:23'),
(505, 'NOVA TRI FIRMANSYAH', '03985', 29, '2020-02-11 14:44:36', '2020-02-11 14:44:36'),
(506, 'PAKSI ELANGGA DJOENTANO AZZIBRAN', '04000', 29, '2020-02-11 14:44:48', '2020-02-11 14:44:48'),
(507, 'RAMADHANI SHOFIE KHAIRUNISA', '04018', 29, '2020-02-11 14:45:02', '2020-02-11 14:45:02'),
(508, 'RERE ALIEF YANUAR', '04023', 29, '2020-02-11 14:45:15', '2020-02-11 14:45:15'),
(509, 'RIFKA FATIKHATUN NI\'MAH', '04027', 29, '2020-02-11 14:45:26', '2020-02-11 14:45:26'),
(510, 'SAYYIDAH MAHARANI PUTRI SUBANDRIYO', '04052', 29, '2020-02-11 14:45:38', '2020-02-11 14:45:38'),
(511, 'SELFI RAHMAWATI', '04053', 29, '2020-02-11 14:45:50', '2020-02-11 14:45:50'),
(512, 'SHERLYANDINI TRISFENA ALPRILISINDI', '04058', 29, '2020-02-11 14:46:03', '2020-02-11 14:46:03'),
(513, 'VANIA ALIFA PERIZADA', '04084', 29, '2020-02-11 14:46:14', '2020-02-11 14:46:14'),
(514, 'VANY AGUSTIN ERLYANSUR', '04087', 29, '2020-02-11 14:46:26', '2020-02-11 14:46:26'),
(515, 'YENI NUR CAHAYA', '04108', 29, '2020-02-11 14:46:37', '2020-02-11 14:46:37'),
(516, 'ADRISTI ALODIA SALSABILLA', '03706', 30, '2020-02-11 14:48:30', '2020-02-11 14:48:30'),
(517, 'AHMAD VALENTINO ABDILLAH', '03714', 30, '2020-02-11 14:48:41', '2020-02-11 14:48:41'),
(518, 'AISYA MUFIDAH', '03718', 30, '2020-02-11 14:48:54', '2020-02-11 14:48:54'),
(519, 'AMANDA MARIA ZALZABILLAH', '03737', 30, '2020-02-11 14:49:06', '2020-02-11 14:49:06'),
(520, 'ARY DWI KUMALA SARI', '03766', 30, '2020-02-11 14:49:19', '2020-02-11 14:49:19'),
(521, 'BINTANG PRAMESWARA', '03782', 30, '2020-02-11 14:49:31', '2020-02-11 14:49:31'),
(522, 'CIWIK AYU REGINA SUTIMAN', '03790', 30, '2020-02-11 14:49:42', '2020-02-11 14:49:42'),
(523, 'DELIA CITRA KURNIASARI', '03802', 30, '2020-02-11 14:49:54', '2020-02-11 14:49:54'),
(524, 'DEVINA AZZAHRA RAMADHANI ARFIANSYAH', '03810', 30, '2020-02-11 14:50:07', '2020-02-11 14:50:07'),
(525, 'DWI INDAH PUSPITASARI', '03834', 30, '2020-02-11 14:50:17', '2020-02-11 14:50:17'),
(526, 'EVIE SYLVIANA DEWI', '03844', 30, '2020-02-11 14:50:30', '2020-02-11 14:50:30'),
(527, 'FIDIYAH AWANDAH PUTRI', '03864', 30, '2020-02-11 14:50:43', '2020-02-11 14:50:43'),
(528, 'FIKOH SITI NURFATAILLAH', '03866', 30, '2020-02-11 14:50:57', '2020-02-11 14:50:57'),
(529, 'GHEFI AMELLIA PUTRI AZ ZAHRA', '03874', 30, '2020-02-11 14:51:08', '2020-02-11 14:51:08'),
(530, 'INTAN DWI THALIA', '03898', 30, '2020-02-11 14:51:18', '2020-02-11 14:51:18'),
(531, 'KHUROTUN NISAK', '03911', 30, '2020-02-11 14:51:33', '2020-02-11 14:51:33'),
(532, 'MARETHA ZUKAR', '03923', 30, '2020-02-11 14:51:45', '2020-02-11 14:51:45'),
(533, 'MIFTAKHUL FIKRI', '03931', 30, '2020-02-11 14:51:56', '2020-02-11 14:51:56'),
(534, 'MOCHAMMAD RINO FIRMANSYAH', '03943', 30, '2020-02-11 14:52:08', '2020-02-11 14:52:08'),
(535, 'MUHAMAD NAJIB ABDULLAH', '03954', 30, '2020-02-11 14:52:21', '2020-02-11 14:52:21'),
(536, 'MUHAMMAD RIZKI AL AKBAR', '03966', 30, '2020-02-11 14:52:43', '2020-02-11 14:52:43'),
(537, 'NANDITO DIMETRI IRZAKI', '03978', 30, '2020-02-11 14:52:55', '2020-02-11 14:52:55'),
(538, 'NANDA NOVITRIANI', '03977', 30, '2020-02-11 14:53:07', '2020-02-11 14:53:07'),
(539, 'NORMA DHARMA YANTI', '03984', 30, '2020-02-11 14:53:19', '2020-02-11 14:53:19'),
(540, 'NUNUK ISMAWATI', '03990', 30, '2020-02-11 14:53:31', '2020-02-11 14:53:31'),
(541, 'RAFI AZAQI MULYONO', '04014', 30, '2020-02-11 14:53:42', '2020-02-11 14:53:42'),
(542, 'RICKA KUMALASARI', '04026', 30, '2020-02-11 14:54:15', '2020-02-11 14:54:15'),
(543, 'RINDY INTAN UCHTIYANA', '04028', 30, '2020-02-11 14:54:27', '2020-02-11 14:54:27'),
(544, 'RISKA AYU SUTRIYANSYAH', '04031', 30, '2020-02-11 14:54:41', '2020-02-11 14:54:41'),
(545, 'SHELLY MUSTIKA PRATIWI', '04054', 30, '2020-02-11 14:55:31', '2020-02-11 14:55:31'),
(546, 'SHERLY TRISINDA PUTRI', '04056', 30, '2020-02-11 14:55:46', '2020-02-11 14:55:46'),
(547, 'SYAHRUL BAIHAQI', '04069', 30, '2020-02-11 14:55:58', '2020-02-11 14:55:58'),
(548, 'VANYA SEPTIANI PUTRI', '04088', 30, '2020-02-11 14:56:10', '2020-02-11 14:56:10'),
(549, 'VEDAWATI PRAMESWARI', '04089', 30, '2020-02-11 14:56:22', '2020-02-11 14:56:22'),
(550, 'YOSAFAT PRASETYO SUWANDI', '04111', 30, '2020-02-11 14:56:34', '2020-02-11 14:56:34'),
(551, 'YOVITA FEBRIANA NUR AZIZAH', '04113', 30, '2020-02-11 14:56:45', '2020-02-11 14:56:45'),
(552, 'ADELIA ANANDA AVIVA', '03696', 31, '2020-02-11 14:58:43', '2020-02-11 14:58:43'),
(553, 'AFIFAH ALFINA RISNAWATI', '03707', 31, '2020-02-11 14:58:54', '2020-02-11 14:58:54'),
(554, 'ALDINO PUTRA', '03721', 31, '2020-02-11 14:59:04', '2020-02-11 14:59:04'),
(555, 'ALFINA SYAHRI AULIA ROSYIDAH', '03725', 31, '2020-02-11 14:59:18', '2020-02-11 14:59:18'),
(556, 'AMELIA AYU LISKA CAHYANI', '03742', 31, '2020-02-11 14:59:29', '2020-02-11 14:59:29'),
(557, 'AULIA ZAMAIRA', '03770', 31, '2020-02-11 14:59:42', '2020-02-11 14:59:42'),
(558, 'BERLINANDA DWI PRANANDITA', '03781', 31, '2020-02-11 14:59:57', '2020-02-11 14:59:57'),
(559, 'CYNTIA RACHMA NUR AMALIA', '03791', 31, '2020-02-11 15:00:07', '2020-02-11 15:00:07'),
(560, 'DELING BAYU KURNIAWAN', '03804', 31, '2020-02-11 15:00:22', '2020-02-11 15:00:22'),
(561, 'DEWI ASMARA CAHYANI HAYUNINGRAT', '03814', 31, '2020-02-11 15:00:35', '2020-02-11 15:00:35'),
(562, 'DIMAS ANGGA SAPUTRA', '03825', 31, '2020-02-11 15:00:51', '2020-02-11 15:00:51'),
(563, 'DWI DESY FITRIANINGSIH', '03833', 31, '2020-02-11 15:01:08', '2020-02-11 15:01:08'),
(564, 'FADHILATUL KHOMARIA', '03846', 31, '2020-02-11 15:01:21', '2020-02-11 15:01:21'),
(565, 'FIKE BERLIANA ANGGRAINI', '03865', 31, '2020-02-11 15:01:33', '2020-02-11 15:01:33'),
(566, 'GALOH PRIATMONO', '03872', 31, '2020-02-11 15:01:44', '2020-02-11 15:01:44'),
(567, 'HABIBAH AMALIA AMINI', '03875', 31, '2020-02-11 15:02:43', '2020-02-11 15:02:43'),
(568, 'INTAN SEPTIA PUTRI', '03899', 31, '2020-02-11 15:02:58', '2020-02-11 15:02:58'),
(569, 'LAILI ZAIZATUR RIZKA', '03913', 31, '2020-02-11 15:03:14', '2020-02-11 15:03:14'),
(570, 'MARINES ISDAHLIA', '03924', 31, '2020-02-11 15:03:28', '2020-02-11 15:03:28'),
(571, 'MOCH. ARI YANUAR', '03934', 31, '2020-02-11 15:03:41', '2020-02-11 15:03:41'),
(572, 'MOCHAMMAD RIZKY PRADANA', '03944', 31, '2020-02-11 15:03:59', '2020-02-11 15:03:59'),
(573, 'MUHAMAD RIZKI KHAMIANSYAH', '03955', 31, '2020-02-11 15:04:19', '2020-02-11 15:04:19'),
(574, 'MUKHAMAD RIO EKA PRASETYA', '03969', 31, '2020-02-11 15:04:31', '2020-02-11 15:04:31'),
(575, 'NAJWA NURHALIZHA', '03976', 31, '2020-02-11 15:04:42', '2020-02-11 15:04:42'),
(576, 'NUR ALFIN ISLAMIAH MUSHOFA', '03991', 31, '2020-02-11 15:04:52', '2020-02-11 15:04:52'),
(577, 'NURMA AYU HASTUTI', '03993', 31, '2020-02-11 15:05:02', '2020-02-11 15:05:02'),
(578, 'RAHMAD BAGUS SUGIARTO', '04015', 31, '2020-02-11 15:05:13', '2020-02-11 15:05:13'),
(579, 'RISKA FAJRIANA', '04032', 31, '2020-02-11 15:05:28', '2020-02-11 15:05:28'),
(580, 'RIZA JANATIN', '04033', 31, '2020-02-11 15:05:39', '2020-02-11 15:05:39');
INSERT INTO `tb_siswa` (`id`, `nama_siswa`, `nis`, `kelas_id`, `created_at`, `updated_at`) VALUES
(581, 'RIZKY FEBRIAN ADI WIJAYA', '04035', 31, '2020-02-11 15:05:49', '2020-02-11 15:05:49'),
(582, 'SILFI NELLA FIRDA YANTI', '04060', 31, '2020-02-11 15:06:01', '2020-02-11 15:06:01'),
(583, 'SISKA NURNANINGATI', '04061', 31, '2020-02-11 15:06:13', '2020-02-11 15:06:13'),
(584, 'TASYA TAZKIYATUL ZULFA', '04072', 31, '2020-02-11 15:06:25', '2020-02-11 15:06:25'),
(585, 'VELA OLIVIA ARDIANA', '04090', 31, '2020-02-11 15:06:36', '2020-02-11 15:06:36'),
(586, 'VELICIA FRANSISCA', '04091', 31, '2020-02-11 15:06:47', '2020-02-11 15:06:47'),
(587, 'YULLE RACHMAWATI', '04114', 31, '2020-02-11 15:07:00', '2020-02-11 15:07:00'),
(588, 'ADELIA NUR NAFARDITYA', '03697', 32, '2020-02-11 15:08:37', '2020-02-11 15:08:37'),
(589, 'ADITA DWI KIRANA', '03705', 32, '2020-02-11 15:08:49', '2020-02-11 15:08:49'),
(590, 'ALFIRA SHOFFIYAH RAHMA', '03726', 32, '2020-02-11 15:09:01', '2020-02-11 15:09:01'),
(591, 'AMANDA DZAKIRA RENDRATIKA', '03735', 32, '2020-02-11 15:09:11', '2020-02-11 15:09:11'),
(592, 'AMELIA FEBRIANI', '03743', 32, '2020-02-11 15:09:22', '2020-02-11 15:09:22'),
(593, 'AURELLANDA DEA NISAUTSANIA', '03772', 32, '2020-02-11 15:09:33', '2020-02-11 15:09:33'),
(594, 'BAYU SETIO AJI', '03778', 32, '2020-02-11 15:09:43', '2020-02-11 15:09:43'),
(595, 'DAYU WULANDARI', '03798', 32, '2020-02-11 15:09:53', '2020-02-11 15:09:53'),
(596, 'DEWI PUSPITA WARDANI', '03815', 32, '2020-02-11 15:10:04', '2020-02-11 15:10:04'),
(597, 'DIANA ANDRIANI', '03823', 32, '2020-02-11 15:10:16', '2020-02-11 15:10:16'),
(598, 'DINA SAHTIKA', '03827', 32, '2020-02-11 15:10:26', '2020-02-11 15:10:26'),
(599, 'DWI AYU PERMATASARI', '03832', 32, '2020-02-11 15:10:37', '2020-02-11 15:10:37'),
(600, 'FADLUR ROCHMAN IRGI FERIAWAN', '03848', 32, '2020-02-11 15:10:53', '2020-02-11 15:10:53'),
(601, 'FIRDA DWI HERIYANTO', '03867', 32, '2020-02-11 15:11:05', '2020-02-11 15:11:05'),
(602, 'HAFIDH RIZQY ARIANSYAH', '03876', 32, '2020-02-11 15:11:24', '2020-02-11 15:11:24'),
(603, 'HANA PRASTIKA-PRASASTI', '03878', 32, '2020-02-11 15:11:44', '2020-02-11 15:11:44'),
(604, 'IRMA DIAH KUSUMANINGRUM', '03901', 32, '2020-02-11 15:11:59', '2020-02-11 15:11:59'),
(605, 'LALA TRI ARIESTA', '03914', 32, '2020-02-11 15:12:10', '2020-02-11 15:12:10'),
(606, 'MAYLINA PUTRI RACHMANDA', '03926', 32, '2020-02-11 15:12:21', '2020-02-11 15:12:21'),
(607, 'MOCHAMAD ANDREAN SYAFI\'ULLANA P', '03938', 32, '2020-02-11 15:12:42', '2020-02-11 15:12:42'),
(608, 'MOCH. ERICK ANUGRAH RAHMADHANI', '03935', 32, '2020-02-11 15:12:54', '2020-02-11 15:12:54'),
(609, 'MUHAMMAD ALI AKBAR', '03956', 32, '2020-02-11 15:13:07', '2020-02-11 15:13:07'),
(610, 'NADYA DWI ANGGRAINI', '03975', 32, '2020-02-11 15:13:25', '2020-02-11 15:13:25'),
(611, 'NURUL AINI', '03994', 32, '2020-02-11 15:13:45', '2020-02-11 15:13:45'),
(612, 'NURUL FADILAH', '03995', 32, '2020-02-11 15:14:54', '2020-02-11 15:14:54'),
(613, 'RAKA PRADIPTHA HAKIM PUTRA', '04016', 32, '2020-02-11 15:15:40', '2020-02-11 15:15:40'),
(614, 'RIZKY MAHESA PUTRA', '04036', 32, '2020-02-11 15:16:22', '2020-02-11 15:16:22'),
(615, 'RIZMA ADELIA SAGITANINGRUM', '04037', 32, '2020-02-11 15:17:16', '2020-02-11 15:17:16'),
(616, 'RIZMA MELINA OKTABIAN ALIFANI', '04038', 32, '2020-02-11 15:18:00', '2020-02-11 15:18:00'),
(617, 'SISKA RIZKI APRILIA', '04062', 32, '2020-02-11 15:18:32', '2020-02-11 15:18:32'),
(618, 'SITI NUR HANIA', '04063', 32, '2020-02-11 15:19:41', '2020-02-11 15:19:41'),
(619, 'TIFANNY MUTIARA SETIADI', '04076', 32, '2020-02-11 15:20:20', '2020-02-11 15:20:20'),
(620, 'VIOLITTA PUTRI YUSTIAN', '04093', 32, '2020-02-11 15:20:55', '2020-02-11 15:20:55'),
(621, 'VONY ALIEFIA', '04096', 32, '2020-02-11 15:21:38', '2020-02-11 15:21:38'),
(622, 'YUNIA NAJACHATUL CHUSNAH', '04115', 32, '2020-02-11 15:22:05', '2020-02-11 15:22:05'),
(623, 'MOCH AULYA SULTHOHM', '04123', 32, '2020-02-11 15:22:37', '2020-02-11 15:22:37'),
(624, 'ADELIA PUTRI SAFIRA', '03698', 33, '2020-02-11 15:28:03', '2020-02-11 15:28:03'),
(625, 'AFRINIA DEWI KUSMIARNI', '03709', 33, '2020-02-11 15:28:31', '2020-02-11 15:28:31'),
(626, 'ALIFIA ANDITA HANAFI', '03727', 33, '2020-02-11 15:28:58', '2020-02-11 15:28:58'),
(627, 'ANDIKA ARDHI YATNA', '03747', 33, '2020-02-11 15:29:24', '2020-02-11 15:29:24'),
(628, 'ANDINI WAHYU WULANDARI', '03749', 33, '2020-02-11 15:29:54', '2020-02-11 15:29:54'),
(629, 'AYU PRINANDA', '03773', 33, '2020-02-11 15:30:31', '2020-02-11 15:30:31'),
(630, 'BAYU PURBO YUWONO', '03777', 33, '2020-02-11 15:31:03', '2020-02-11 15:31:03'),
(631, 'DEA AYU PUSPITA', '03799', 33, '2020-02-11 15:31:36', '2020-02-11 15:31:36'),
(632, 'DHABITA ASRI AUNI ANASIRIL KHAQ', '03816', 33, '2020-02-11 15:32:34', '2020-02-11 15:32:34'),
(633, 'DHENTA DEWANA DIRGAM', '03819', 33, '2020-02-11 15:33:16', '2020-02-11 15:33:16'),
(634, 'DINDA AMALIA', '03828', 33, '2020-02-11 15:34:53', '2020-02-11 15:34:53'),
(635, 'DITA OCTAVIANA PUTRI', '03830', 33, '2020-02-11 15:35:35', '2020-02-11 15:35:35'),
(636, 'FAIZATUL IZAFAIZATUL IZA', '03850', 33, '2020-02-11 15:36:06', '2020-02-11 15:36:06'),
(637, 'FIRNALIA ELLANDA', '03868', 33, '2020-02-11 15:36:48', '2020-02-11 15:36:48'),
(638, 'HANNA ASTAUDILLAH NAFITA', '03880', 33, '2020-02-11 15:37:24', '2020-02-11 15:37:24'),
(639, 'HARMUDHITO AZZAM ZYABANA', '03881', 33, '2020-02-11 15:37:54', '2020-02-11 15:37:54'),
(640, 'IRMA NUR AGUSTIN', '03902', 33, '2020-02-11 15:38:35', '2020-02-11 15:38:35'),
(641, 'LATIFAH NUR SA`AADAH', '03915', 33, '2020-02-11 15:39:04', '2020-02-11 15:39:04'),
(642, 'MEI LINDA RANI NINGTYAS', '03927', 33, '2020-02-11 15:39:33', '2020-02-11 15:39:33'),
(643, 'MOCH. NAYANDRA SUWARNA PUTRA', '03936', 33, '2020-02-11 15:40:33', '2020-02-11 15:40:33'),
(644, 'MOH.FARIS HERNANDA', '03946', 33, '2020-02-11 15:41:03', '2020-02-11 15:41:03'),
(645, 'MUHAMMAD BAGAS SATRIO WIBOWO', '03958', 33, '2020-02-11 15:41:46', '2020-02-11 15:41:46'),
(646, 'NABILA NURIL AFIFAH', '03972', 33, '2020-02-11 15:42:28', '2020-02-11 15:42:28'),
(647, 'NURUL IMANIA', '03996', 33, '2020-02-11 15:42:57', '2020-02-11 15:42:57'),
(648, 'POPPY HARI PRADITA', '04001', 33, '2020-02-11 15:43:23', '2020-02-11 15:43:23'),
(649, 'RAMADAN TARUNA UTAMA', '04017', 33, '2020-02-11 15:43:56', '2020-02-11 15:43:56'),
(650, 'ROBBY RIZAL HERMANSYAH', '04039', 33, '2020-02-11 15:44:33', '2020-02-11 15:44:33'),
(651, 'SABRINA MILLATAS SOLICHA', '04041', 33, '2020-02-11 15:45:05', '2020-02-11 15:45:05'),
(652, 'SABRINA OKTAVIA IRAWATI', '04042', 33, '2020-02-11 15:45:37', '2020-02-11 15:45:37'),
(653, 'SITI UMROTUL KASANAH', '04065', 33, '2020-02-11 15:46:08', '2020-02-11 15:46:08'),
(654, 'SOFIANA EKA RAHMADANI', '04066', 33, '2020-02-11 15:46:33', '2020-02-11 15:46:33'),
(655, 'VALENT KURNIA ILLAHI', '04083', 33, '2020-02-11 15:47:07', '2020-02-11 15:47:07'),
(656, 'WAHYU MARITA ANGGRAENI', '04097', 33, '2020-02-11 15:47:35', '2020-02-11 15:47:35'),
(657, 'WAHYUNIA WILUJENG', '04098', 33, '2020-02-11 15:48:06', '2020-02-11 15:48:06'),
(658, 'YUWANITA SHAFIRA AINIA', '04117', 33, '2020-02-11 15:48:31', '2020-02-11 15:48:31'),
(659, 'ADHELLA PUTRI MAHARANI', '03701', 34, '2020-02-11 15:50:53', '2020-02-11 15:50:53'),
(660, 'AGNES ANGGRAENI', '03710', 34, '2020-02-11 15:51:04', '2020-02-11 15:51:04'),
(661, 'ALIFIA SYFA AZZAHRA', '03728', 34, '2020-02-11 15:51:13', '2020-02-11 15:51:13'),
(662, 'ANDIKA ZAENAL ABIDIN', '03748', 34, '2020-02-11 15:51:23', '2020-02-11 15:51:23'),
(663, 'APRILIA HERNAWATI', '03759', 34, '2020-02-11 15:51:34', '2020-02-11 15:51:34'),
(664, 'BAGAS DENDI PRAYOGO', '03776', 34, '2020-02-11 15:51:58', '2020-02-11 15:51:58'),
(665, 'BERLIAN NATALIA AJENG BUDI NUR C', '03780', 34, '2020-02-11 15:52:09', '2020-02-11 15:52:09'),
(666, 'BUNGA PERMATA SARI', '03783', 34, '2020-02-11 15:52:19', '2020-02-11 15:52:19'),
(667, 'DEA INTAN PUTRI', '03800', 34, '2020-02-11 15:52:30', '2020-02-11 15:52:30'),
(668, 'DHARA BELINDA NABILA TASYA', '03818', 34, '2020-02-11 15:52:41', '2020-02-11 15:52:41'),
(669, 'DICKY ARYA DWI PUTRA', '03824', 34, '2020-02-11 15:52:53', '2020-02-11 15:52:53'),
(670, 'DINI AYU DAMAYANTI', '03829', 34, '2020-02-11 15:53:04', '2020-02-11 15:53:04'),
(671, 'DYON AGUS SYAH PUTRA', '03835', 34, '2020-02-11 15:53:15', '2020-02-11 15:53:15'),
(672, 'EKA ADELIA AGUSTIN', '03836', 34, '2020-02-11 15:53:28', '2020-02-11 15:53:28'),
(673, 'FARAHDZILLA MUTHIANISA AZZAHRA', '03854', 34, '2020-02-11 15:53:41', '2020-02-11 15:53:41'),
(674, 'FIRNANDA AKNESIA RAMADANI', '03869', 34, '2020-02-11 15:53:50', '2020-02-11 15:53:50'),
(675, 'HASHHASHAL HAQ', '03882', 34, '2020-02-11 15:54:04', '2020-02-11 15:54:04'),
(676, 'IRNA AMBARWATI', '03903', 34, '2020-02-11 15:54:15', '2020-02-11 15:54:15'),
(677, 'LAZUFA ROSSY AZZAHRA', '03916', 34, '2020-02-11 15:54:27', '2020-02-11 15:54:27'),
(678, 'MEIVEN ANGELINATAN', '03928', 34, '2020-02-11 15:54:48', '2020-02-11 15:54:48'),
(679, 'MOCH. SYAID AKBAR', '03937', 34, '2020-02-11 15:55:01', '2020-02-11 15:55:01'),
(680, 'MOHAMMAD ADITYA FIRNANDA', '03947', 34, '2020-02-11 15:55:12', '2020-02-11 15:55:12'),
(681, 'MUHAMMAD FAISHAL BAIHAQI', '03959', 34, '2020-02-11 15:55:27', '2020-02-11 15:55:27'),
(682, 'NABILA KHOIRUNNISA', '03970', 34, '2020-02-11 15:55:48', '2020-02-11 15:55:48'),
(683, 'NOVITA QURNIAWATI', '03988', 34, '2020-02-11 15:55:59', '2020-02-11 15:55:59'),
(684, 'PRUISTYN AISYAH LUTFI', '04003', 34, '2020-02-11 15:56:18', '2020-02-11 15:56:18'),
(685, 'RONI DERMAWAN', '04040', 34, '2020-02-11 15:56:35', '2020-02-11 15:56:35'),
(686, 'SAFA`ATURRAHMA', '04043', 34, '2020-02-11 15:56:50', '2020-02-11 15:56:50'),
(687, 'SYAFA` AULIYA` ROCHMATUL ALIM', '04068', 34, '2020-02-11 15:57:02', '2020-02-11 15:57:02'),
(688, 'TANTRI RISDA ZUBAIDAH', '04070', 34, '2020-02-11 15:57:13', '2020-02-11 15:57:13'),
(689, 'VIKA PUTRI NUR AZIZAH', '04092', 34, '2020-02-11 15:57:25', '2020-02-11 15:57:25'),
(690, 'WARDHATUL FILDZATI', '04099', 34, '2020-02-11 15:57:37', '2020-02-11 15:57:37'),
(691, 'WENDARI IGA SUSILO', '04100', 34, '2020-02-11 15:57:50', '2020-02-11 15:57:50'),
(692, 'ADINDA AYU PITA SARI', '03703', 35, '2020-02-11 15:59:17', '2020-02-11 15:59:17'),
(693, 'AHMAD KEN MADA', '03712', 35, '2020-02-11 15:59:27', '2020-02-11 15:59:27'),
(694, 'ALVIAH TRI WAHYUNINGSIH', '03729', 35, '2020-02-11 15:59:37', '2020-02-11 15:59:37'),
(696, 'APRILIA NADA SETIANINGSIH', '03760', 35, '2020-02-11 15:59:50', '2020-02-11 15:59:50'),
(697, 'AYUB AL FALAH', '03774', 35, '2020-02-11 16:00:02', '2020-02-11 16:00:02'),
(698, 'CITRA ANGGUN RIZKY AMALIA', '03789', 35, '2020-02-11 16:00:16', '2020-02-11 16:00:16'),
(699, 'DHIO RIZKY FIRNANDHA', '03820', 35, '2020-02-11 16:01:05', '2020-02-11 16:01:05'),
(700, 'EKA ALIA NUR FADLAH', '03837', 35, '2020-02-11 16:08:51', '2020-02-11 16:08:51'),
(701, 'EKA PUTRI FATMASARI', '03840', 35, '2020-02-11 16:09:06', '2020-02-11 16:09:06'),
(702, 'FARELL HAFIDZ IRKHAMI', '03855', 35, '2020-02-11 16:09:21', '2020-02-11 16:09:21'),
(703, 'FATIMAH AZ SHAROH', '03857', 35, '2020-02-11 16:09:33', '2020-02-11 16:09:33'),
(704, 'FREZA ARTHAMEVIA AZIZIAH', '03870', 35, '2020-02-11 16:10:27', '2020-02-11 16:10:27'),
(705, 'HERLAMBANG SURYA KENCANA', '03884', 35, '2020-02-11 16:10:45', '2020-02-11 16:10:45'),
(706, 'IKA KUSUMA NINGSIH', '03888', 35, '2020-02-11 16:10:57', '2020-02-11 16:10:57'),
(707, 'IZZA ANNISA SALSABILLAH', '03906', 35, '2020-02-11 16:11:08', '2020-02-11 16:11:08'),
(708, 'LINGGAR DEA SLAVIRA', '03917', 35, '2020-02-11 16:11:21', '2020-02-11 16:11:21'),
(709, 'MELISA NUR CAHYANI', '03929', 35, '2020-02-11 16:11:36', '2020-02-11 16:11:36'),
(710, 'MOCHAMMAD SYAHRUL RAMADHANI', '03945', 35, '2020-02-11 16:11:47', '2020-02-11 16:11:47'),
(711, 'MOHAMMAD FATUR RAHMAN', '03948', 35, '2020-02-11 16:12:00', '2020-02-11 16:12:00'),
(712, 'MUFIDA AULIYAUN NISAA', '03952', 35, '2020-02-11 16:12:21', '2020-02-11 16:12:21'),
(713, 'NUR RAMADHANI RAHARJO', '03992', 35, '2020-02-11 16:12:33', '2020-02-11 16:12:33'),
(714, 'PUSPITA DWI NINGRUM', '04004', 35, '2020-02-11 16:12:44', '2020-02-11 16:12:44'),
(715, 'PUTRI KHAILA CHINTANA BAHRUDIN', '04007', 35, '2020-02-11 16:12:56', '2020-02-11 16:12:56'),
(716, 'RENDRA BAGUS PANCORO', '04019', 35, '2020-02-11 16:13:10', '2020-02-11 16:13:10'),
(717, 'SAFJAR SUGIRI', '04044', 35, '2020-02-11 16:13:26', '2020-02-11 16:13:26'),
(718, 'SAGITA DWI WIDIA LESTARI', '04045', 35, '2020-02-11 16:13:42', '2020-02-11 16:13:42'),
(719, 'SALSABILLA ATIKA PRAMESWARI', '04047', 35, '2020-02-11 16:13:59', '2020-02-11 16:13:59'),
(720, 'TANTRY DWIPA OCTANIA', '04071', 35, '2020-02-11 16:14:10', '2020-02-11 16:14:10'),
(721, 'TIVANKA PRITI HERNANDA', '04078', 35, '2020-02-11 16:14:21', '2020-02-11 16:14:21'),
(722, 'WIDY NUR ANGGRAINI', '04101', 35, '2020-02-11 16:14:37', '2020-02-11 16:14:37'),
(723, 'WINDRI WULANDARI', '04104', 35, '2020-02-11 16:14:50', '2020-02-11 16:14:50'),
(724, 'YOGI FIRMANSYAH DIRASTA', '04110', 35, '2020-02-11 16:15:02', '2020-02-11 16:15:02'),
(725, 'ADINDA YOGI DEVIANA', '03704', 36, '2020-02-11 16:18:20', '2020-02-11 16:18:20'),
(726, 'AIDA MAULIYA RAHARJENG', '03716', 36, '2020-02-11 16:18:35', '2020-02-11 16:18:35'),
(727, 'AMALIA HAZIYAH SABRINA', '03732', 36, '2020-02-11 16:18:46', '2020-02-11 16:18:46'),
(728, 'APRILIA SUCI WARDANI', '03761', 36, '2020-02-11 16:18:57', '2020-02-11 16:18:57'),
(729, 'APTA FARELL ZAUHAIR', '03762', 36, '2020-02-11 16:20:04', '2020-02-11 16:20:04'),
(730, 'ARI DWI SAKTIYO', '03763', 36, '2020-02-11 16:20:16', '2020-02-11 16:20:16'),
(731, 'CHINDY PUTRI ALFIDIANTI', '03786', 36, '2020-02-11 16:20:27', '2020-02-11 16:20:27'),
(732, 'DEVI INDAH SELVIANAH', '03808', 36, '2020-02-11 16:20:37', '2020-02-11 16:20:37'),
(733, 'DIAN INDRIANI', '03821', 36, '2020-02-11 16:20:47', '2020-02-11 16:20:47'),
(734, 'DHAFA AINUR MUHAMMAD', '03817', 36, '2020-02-11 16:20:59', '2020-02-11 16:20:59'),
(735, 'EKA PUTRI CAHYANINGTYAS', '03839', 36, '2020-02-11 16:21:09', '2020-02-11 16:21:09'),
(736, 'ERIEZA SALSABILLAH', '03841', 36, '2020-02-11 16:21:23', '2020-02-11 16:21:23'),
(737, 'FEBRIANI KHALIMATUS AMELIA', '03858', 36, '2020-02-11 16:21:34', '2020-02-11 16:21:34'),
(738, 'FERDY SEPTIAWAN', '03862', 36, '2020-02-11 16:21:44', '2020-02-11 16:21:44'),
(739, 'FRISKA WULANDARI', '03871', 36, '2020-02-11 16:21:57', '2020-02-11 16:21:57'),
(740, 'ILHAM PURNAMA', '03890', 36, '2020-02-11 16:22:23', '2020-02-11 16:22:23'),
(741, 'IMELDA NOVA AMALIA', '03891', 36, '2020-02-11 16:22:53', '2020-02-11 16:22:53'),
(742, 'INDRIANIS SURYANI', '03892', 36, '2020-02-11 16:23:04', '2020-02-11 16:23:04'),
(743, 'JUWITA GIAN KIRANTI', '03907', 36, '2020-02-11 16:23:14', '2020-02-11 16:23:14'),
(744, 'LISDIANA MIFTAKHUL FITTROH', '03918', 36, '2020-02-11 16:23:39', '2020-02-11 16:23:39'),
(745, 'MELLY YUNI ANJANI', '03930', 36, '2020-02-11 16:23:52', '2020-02-11 16:23:52'),
(746, 'MOCHAMMAD DIMAS TEGAR FIRMANSYAH', '03940', 36, '2020-02-11 16:24:04', '2020-02-11 16:24:04'),
(747, 'MUCHAMMAD SYAIFUDDIN ZUHRI', '03951', 36, '2020-02-11 16:24:13', '2020-02-11 16:24:13'),
(748, 'MUHAMMAD KHOIRUL IBAD AL FAJRI', '03964', 36, '2020-02-11 16:24:24', '2020-02-11 16:24:24'),
(749, 'ONGKY PUTRA NOER QOLBU', '03999', 36, '2020-02-11 16:24:38', '2020-02-11 16:24:38'),
(750, 'PUTRI PATRESIA FANESYA', '04010', 36, '2020-02-11 16:24:49', '2020-02-11 16:24:49'),
(751, 'PUTRI SUKMA AYU', '04012', 36, '2020-02-11 16:25:02', '2020-02-11 16:25:02'),
(752, 'RENO ARBY FANIANSA', '04022', 36, '2020-02-11 16:25:14', '2020-02-11 16:25:14'),
(753, 'SALSABILLA MAULIDYA FIRDAUS', '04048', 36, '2020-02-11 16:25:29', '2020-02-11 16:25:29'),
(754, 'SASI WAHYU PRAMESTI', '04049', 36, '2020-02-11 16:25:41', '2020-02-11 16:25:41'),
(755, 'SHENA ARDIANTO', '04055', 36, '2020-02-11 16:25:56', '2020-02-11 16:25:56'),
(756, 'TRI WULANDARI', '04080', 36, '2020-02-11 16:26:11', '2020-02-11 16:26:11'),
(757, 'TRINITA AWANI', '04081', 36, '2020-02-11 16:26:23', '2020-02-11 16:26:23'),
(758, 'WINDY ANISA NUR FADILLAH', '04105', 36, '2020-02-11 16:26:35', '2020-02-11 16:26:35'),
(759, 'YANI SEPTIA RACHMAWATI', '04107', 36, '2020-02-11 16:26:46', '2020-02-11 16:26:46'),
(760, 'YOGA APRILIANTO', '04109', 36, '2020-02-11 16:27:02', '2020-02-11 16:27:02'),
(761, 'ADELLA FRITZI MAYDYTA', '03699', 37, '2020-02-11 16:29:21', '2020-02-11 16:29:21'),
(762, 'ADELLA SEPHIRA', '03700', 37, '2020-02-11 16:29:39', '2020-02-11 16:29:39'),
(763, 'AHMAD KHAMDANY ARDIANSYAH', '03713', 37, '2020-02-11 16:29:53', '2020-02-11 16:29:53'),
(764, 'ALFIAN ANWAR PUTRA RAMADHAN', '03724', 37, '2020-02-11 16:30:03', '2020-02-11 16:30:03'),
(765, 'AMARELLA EKA HEMALIA PUTRI', '03741', 37, '2020-02-11 16:30:13', '2020-02-11 16:30:13'),
(766, 'AMELIA NUR HAMIDA', '03744', 37, '2020-02-11 16:30:26', '2020-02-11 16:30:26'),
(767, 'ANA KUSNUL KHOTIMAH', '03745', 37, '2020-02-11 16:30:36', '2020-02-11 16:30:36'),
(768, 'ANNIKE BINA NINGTYAS', '03755', 37, '2020-02-11 16:30:50', '2020-02-11 16:30:50'),
(769, 'AUFA RAFIQI ALFIAN', '03769', 37, '2020-02-11 16:31:12', '2020-02-11 16:31:12'),
(770, 'CINDY AYU WULANDARI', '03788', 37, '2020-02-11 16:31:25', '2020-02-11 16:31:25'),
(771, 'DALTA FELISIA HAMMADAH', '03794', 37, '2020-02-11 16:31:35', '2020-02-11 16:31:35'),
(772, 'DEKA KURNIA WATI', '03801', 37, '2020-02-11 16:31:46', '2020-02-11 16:31:46'),
(773, 'DELIA EKA SAFITRI', '03803', 37, '2020-02-11 16:32:08', '2020-02-11 16:32:08'),
(774, 'FAIZAH NURRAHMA', '03849', 37, '2020-02-11 16:32:18', '2020-02-11 16:32:18'),
(775, 'FAJAR ARDIANSYAH', '03851', 37, '2020-02-11 16:32:28', '2020-02-11 16:32:28'),
(776, 'FANI FEBRIANTI', '03853', 37, '2020-02-11 16:32:42', '2020-02-11 16:32:42'),
(777, 'FEBRIYAN ATHALLA NAIL MAEDY TAMBUNAN', '03859', 37, '2020-02-11 16:32:57', '2020-02-11 16:32:57'),
(778, 'FEBRYAN  AHMAD  FATHURRAHMAN', '03860', 37, '2020-02-11 16:33:10', '2020-02-11 16:33:10'),
(779, 'HAFSHOH AMATULLOH AZIZAH', '03877', 37, '2020-02-11 16:33:28', '2020-02-11 16:33:28'),
(780, 'ISAL ABELLITA', '03905', 37, '2020-02-11 16:33:42', '2020-02-11 16:33:42'),
(781, 'KYLIE SHANIA YULIANTO', '03912', 37, '2020-02-11 16:34:06', '2020-02-11 16:34:06'),
(782, 'M. FAISAL ARDIANSYAH', '03921', 37, '2020-02-11 16:34:19', '2020-02-11 16:34:19'),
(783, 'MARSIYAH UDINI', '03925', 37, '2020-02-11 16:34:30', '2020-02-11 16:34:30'),
(784, 'MOHAMMAD RIVANSA PUTRA', '03949', 37, '2020-02-11 16:34:42', '2020-02-11 16:34:42'),
(785, 'MUHAMMAD FARHAN ROMADONI', '03961', 37, '2020-02-11 16:34:54', '2020-02-11 16:34:54'),
(786, 'MUHAMMAD RIZKY HIDAYATULLAH', '03967', 37, '2020-02-11 16:35:10', '2020-02-11 16:35:10'),
(787, 'NDARU WILDA ROHFIANI', '03982', 37, '2020-02-11 16:35:21', '2020-02-11 16:35:21'),
(788, 'NOVI ANANDA RIZMA', '03986', 37, '2020-02-11 16:35:33', '2020-02-11 16:35:33'),
(789, 'NURUL MUHAIBAH', '03997', 37, '2020-02-11 16:35:50', '2020-02-11 16:35:50'),
(790, 'RIRI HAPSARI', '04030', 37, '2020-02-11 16:36:03', '2020-02-11 16:36:03'),
(791, 'RIZKA TRI CAHYANING ATI', '04034', 37, '2020-02-11 16:36:17', '2020-02-11 16:36:17'),
(792, 'SASMITA NURRIZKA', '04051', 37, '2020-02-11 16:36:27', '2020-02-11 16:36:27'),
(793, 'TRIO BORIS KORIN', '04082', 37, '2020-02-11 16:36:48', '2020-02-11 16:36:48'),
(794, 'VANNI WIDIA ELVATIANA', '04085', 37, '2020-02-11 16:36:59', '2020-02-11 16:36:59'),
(795, 'VOKA VEBRIYAN SAPUTRA', '04095', 37, '2020-02-11 16:37:11', '2020-02-11 16:37:11'),
(796, 'ADIARIZKA ARISTANTI', '03702', 38, '2020-02-11 16:38:38', '2020-02-11 16:38:38'),
(797, 'AHMAD WILDAN BAYHAQI', '03715', 38, '2020-02-11 16:38:56', '2020-02-11 16:38:56'),
(798, 'ALAIKI RIZKY RAHMATIA', '03720', 38, '2020-02-11 16:39:08', '2020-02-11 16:39:08'),
(799, 'AMANDA NUR AFIFAH', '03738', 38, '2020-02-11 16:39:25', '2020-02-11 16:39:25'),
(800, 'AMANDA OCTAVIA', '03739', 38, '2020-02-11 16:39:34', '2020-02-11 16:39:34'),
(801, 'ANGEL IZZA KUSUMA PUTRI', '03751', 38, '2020-02-11 16:39:44', '2020-02-11 16:39:44'),
(802, 'ANNISA IZZAH DINILLAH', '03756', 38, '2020-02-11 16:39:54', '2020-02-11 16:39:54'),
(803, 'ARMANDO ZAMZURI AZMI', '03765', 38, '2020-02-11 16:40:07', '2020-02-11 16:40:07'),
(804, 'BELLA SILVIA', '03779', 38, '2020-02-11 16:40:20', '2020-02-11 16:40:20'),
(805, 'CELIN DIAS', '03784', 38, '2020-02-11 16:40:30', '2020-02-11 16:40:30'),
(806, 'CINDY APRILIA NURWANTI', '03787', 38, '2020-02-11 16:40:45', '2020-02-11 16:40:45'),
(807, 'DAFFA RISQ MUDHOFFAR', '03793', 38, '2020-02-11 16:40:54', '2020-02-11 16:40:54'),
(808, 'DESI AYU INDRAWATI', '03806', 38, '2020-02-11 16:41:04', '2020-02-11 16:41:04'),
(809, 'DEVINA NUHSHANDRINA JUANZAH', '03812', 38, '2020-02-11 16:41:15', '2020-02-11 16:41:15'),
(810, 'FARHAN FEBRYAN DWIKY NUGRAHA', '03856', 38, '2020-02-11 16:41:25', '2020-02-11 16:41:25'),
(811, 'HANIFAH MUFIDATUL ILMI', '03879', 38, '2020-02-11 16:41:40', '2020-02-11 16:41:40'),
(812, 'HAYYU NUR JANNAH', '03883', 38, '2020-02-11 16:41:54', '2020-02-11 16:41:54'),
(813, 'HESTI RAMADHANIA', '03886', 38, '2020-02-11 16:42:06', '2020-02-11 16:42:06'),
(814, 'INGGRIT NURZIYAH ANNISAK', '03895', 38, '2020-02-11 16:42:22', '2020-02-11 16:42:22'),
(815, 'IRNA AMELIA LAILA MUKARROMAH', '03904', 38, '2020-02-11 16:42:42', '2020-02-11 16:42:42'),
(816, 'MITA ERINSA', '03932', 38, '2020-02-11 16:42:53', '2020-02-11 16:42:53'),
(817, 'MOCHAMAD FIKRI ARDIANSYAH', '03939', 38, '2020-02-11 16:43:03', '2020-02-11 16:43:03'),
(818, 'MUHAMMAD ARGO ALIFFIRMANSYAH', '03957', 38, '2020-02-11 16:43:20', '2020-02-11 16:43:20'),
(819, 'MUHAMMAD YUSRIL ALFATONI', '03968', 38, '2020-02-11 16:43:35', '2020-02-11 16:43:35'),
(820, 'NATASYA EKA PUTRI', '03980', 38, '2020-02-11 16:43:46', '2020-02-11 16:43:46'),
(821, 'NOVIA RISKI RAMADANTI', '03987', 38, '2020-02-11 16:43:59', '2020-02-11 16:43:59'),
(822, 'OKTA ARSITA', '03998', 38, '2020-02-11 16:44:12', '2020-02-11 16:44:12'),
(823, 'PUTRI JULIANA', '04006', 38, '2020-02-11 16:44:23', '2020-02-11 16:44:23'),
(824, 'RENI ANDRIANI', '04021', 38, '2020-02-11 16:44:37', '2020-02-11 16:44:37'),
(825, 'SHERLY ZALFA KAESHA', '04057', 38, '2020-02-11 16:44:47', '2020-02-11 16:44:47'),
(826, 'SITI NUR ZANNAH', '04064', 38, '2020-02-11 16:45:05', '2020-02-11 16:45:05'),
(827, 'TRI ANDIKA MISTIANI', '04079', 38, '2020-02-11 16:45:22', '2020-02-11 16:45:22'),
(828, 'WIGCE TANESSA SAYYIDINA AMANSTHA', '04102', 38, '2020-02-11 16:45:32', '2020-02-11 16:45:32'),
(829, 'YANI HIDAYATI', '04106', 38, '2020-02-11 16:45:43', '2020-02-11 16:45:43'),
(830, 'YUSRIL LIFALILLAH', '04116', 38, '2020-02-11 16:45:54', '2020-02-11 16:45:54'),
(831, 'ABILLAH NOVIA RAMADHANI', '03316', 39, '2020-02-11 16:47:13', '2020-02-11 16:47:13'),
(832, 'AKSI FARAJIHAN', '03318', 39, '2020-02-11 16:47:23', '2020-02-11 16:47:23'),
(833, 'ALDRICHO BAGUS IKHSANTO', '03320', 39, '2020-02-11 16:47:35', '2020-02-11 16:47:35'),
(834, 'ALEYDA PUTRI SABINA', '03323', 39, '2020-02-11 16:47:47', '2020-02-11 16:47:47'),
(835, 'ALVIATUL NUR AJIJAH', '03327', 39, '2020-02-11 16:47:58', '2020-02-11 16:47:58'),
(836, 'AMANDA FIRDA NAQIYYA', '03338', 39, '2020-02-11 16:48:08', '2020-02-11 16:48:08'),
(837, 'ANGGI LISTIARA', '03349', 39, '2020-02-11 16:48:17', '2020-02-11 16:48:17'),
(838, 'ANISAH MAULANA PUTRI', '03370', 39, '2020-02-11 16:48:27', '2020-02-11 16:48:27'),
(839, 'ANNISA SEPTIHARIANI', '03380', 39, '2020-02-11 16:48:37', '2020-02-11 16:48:37'),
(840, 'APRILIA BELLA WULANDARI', '03388', 39, '2020-02-11 16:48:51', '2020-02-11 16:48:51'),
(841, 'ARYAPUTRA YANMA ABHISTA', '03401', 39, '2020-02-11 16:49:02', '2020-02-11 16:49:02'),
(842, 'AYUNDA SETYO RINI', '03406', 39, '2020-02-11 16:49:12', '2020-02-11 16:49:12'),
(843, 'DIMAS MALDINI KASTELLINO PUTRA', '03421', 39, '2020-02-11 16:49:28', '2020-02-11 16:49:28'),
(844, 'DWI AMANDA SAFITRI', '03426', 39, '2020-02-11 16:49:41', '2020-02-11 16:49:41'),
(845, 'EKA MEIDINA', '03430', 39, '2020-02-11 16:49:53', '2020-02-11 16:49:53'),
(846, 'FADHILATUL ILMAH', '03431', 39, '2020-02-11 16:50:11', '2020-02-11 16:50:11'),
(847, 'HERVINA ADELIA VALESTI', '03435', 39, '2020-02-11 16:50:29', '2020-02-11 16:50:29'),
(848, 'IFNA AZIZAH', '03448', 39, '2020-02-11 16:50:39', '2020-02-11 16:50:39'),
(849, 'INEKE PUSPITA SARI', '03451', 39, '2020-02-11 16:50:53', '2020-02-11 16:50:53'),
(850, 'INGE SULISTYO', '03473', 39, '2020-02-11 16:51:21', '2020-02-11 16:51:21'),
(851, 'IRFANSYAH', '03475', 39, '2020-02-11 16:51:33', '2020-02-11 16:51:33'),
(852, 'MOCHAMMAD FATUR IRAWAN', '03520', 39, '2020-02-11 16:51:46', '2020-02-11 16:51:46'),
(853, 'MUHAMMAD FAJRUL FALAH', '03557', 39, '2020-02-11 16:52:08', '2020-02-11 16:52:08'),
(854, 'NADHIROH AULIA FAZA', '03559', 39, '2020-02-11 16:52:18', '2020-02-11 16:52:18'),
(855, 'NADIA PUTRI DAMAYANTI', '03569', 39, '2020-02-11 16:52:29', '2020-02-11 16:52:29'),
(856, 'NUFIA AININ NABA\'UL', '03574', 39, '2020-02-11 16:52:44', '2020-02-11 16:52:44'),
(857, 'PUTRI NUR INTAN SARI', '03598', 39, '2020-02-11 16:53:01', '2020-02-11 16:53:01'),
(858, 'PUTRI RAMADANTI', '03617', 39, '2020-02-11 16:53:12', '2020-02-11 16:53:12'),
(859, 'PUTRI UTAMI ZACHRI', '03620', 39, '2020-02-11 16:53:23', '2020-02-11 16:53:23'),
(860, 'RERE CAROLINA DIANTI', '03624', 39, '2020-02-11 16:53:35', '2020-02-11 16:53:35'),
(861, 'RIO ARDIANSYAH', '03628', 39, '2020-02-11 16:53:48', '2020-02-11 16:53:48'),
(862, 'SIFA NUR AINI', '03647', 39, '2020-02-11 16:53:59', '2020-02-11 16:53:59'),
(863, 'TIARA MAULIDIA NINGRUM', '03652', 39, '2020-02-11 16:54:14', '2020-02-11 16:54:14'),
(864, 'VANNY AMELIA ARDHANA', '03653', 39, '2020-02-11 16:54:28', '2020-02-11 16:54:28'),
(865, 'VIVI YUNITA SARI', '03654', 39, '2020-02-11 16:54:38', '2020-02-11 16:54:38'),
(866, 'ZULKIFLI ARIZALU SATRIO UTOMO', '03682', 39, '2020-02-11 16:54:50', '2020-02-11 16:54:50'),
(867, 'AFINDA ALFIANA', '03277', 40, '2020-02-11 17:06:28', '2020-02-11 17:06:28'),
(868, 'AIS PUSPITASARI', '03285', 40, '2020-02-11 17:06:39', '2020-02-11 17:06:39'),
(869, 'AISYA INTAN SARI FIRDAUS', '03286', 40, '2020-02-11 17:06:48', '2020-02-11 17:06:48'),
(870, 'ANGGRAENI JUWITA WATI', '03307', 40, '2020-02-11 17:06:58', '2020-02-11 17:06:58'),
(871, 'AYU TRI ARISKA', '03329', 40, '2020-02-11 17:07:07', '2020-02-11 17:07:07'),
(872, 'BERLIAN MAULAN CAHYA IBRAHIM', '03335', 40, '2020-02-11 17:07:16', '2020-02-11 17:07:16'),
(873, 'DEAFANY AMELIA JEANICA', '03357', 40, '2020-02-11 17:07:25', '2020-02-11 17:07:25'),
(874, 'DEINIRA PUTRI FEBRIANTI', '03359', 40, '2020-02-11 17:07:35', '2020-02-11 17:07:35'),
(875, 'DEVI APRILA PRAYOGI', '03367', 40, '2020-02-11 17:07:45', '2020-02-11 17:07:45'),
(876, 'DHEA FERNANDA ARVIANSYAH', '03374', 40, '2020-02-11 17:07:56', '2020-02-11 17:07:56'),
(877, 'DIAN KHULAFAUL ROSIDAH', '03377', 40, '2020-02-11 17:08:07', '2020-02-11 17:08:07'),
(878, 'ELIZA DWI FITRIA', '03399', 40, '2020-02-11 17:08:16', '2020-02-11 17:08:16'),
(879, 'FAIZAL IRHAMSYAH', '03412', 40, '2020-02-11 17:08:26', '2020-02-11 17:08:26'),
(880, 'HESTIN APRILIYANTI', '03450', 40, '2020-02-11 17:08:47', '2020-02-11 17:08:47'),
(881, 'IFA SURIANA', '03453', 40, '2020-02-11 17:08:59', '2020-02-11 17:08:59'),
(882, 'LIAINUS SHOLIKATI', '03480', 40, '2020-02-11 17:09:10', '2020-02-11 17:09:10'),
(883, 'LUTFIA DIKA NUR AINA', '03485', 40, '2020-02-11 17:09:22', '2020-02-11 17:09:22'),
(884, 'MEGA DYAH PERMATA SARI', '03495', 40, '2020-02-11 17:09:33', '2020-02-11 17:09:33'),
(885, 'MIFTAKHUL KHOIRUN NISA', '03500', 40, '2020-02-11 17:09:43', '2020-02-11 17:09:43'),
(886, 'RAHMAT BAYU PRADITAMA MOGADI', '03578', 40, '2020-02-11 17:10:02', '2020-02-11 17:10:02'),
(887, 'RATNA YULIASARI TRISTIANTI', '03584', 40, '2020-02-11 17:10:15', '2020-02-11 17:10:15'),
(888, 'RAVIOLA FIRDAUSIA', '03587', 40, '2020-02-11 17:10:27', '2020-02-11 17:10:27'),
(889, 'REKEN TANTRIS', '03592', 40, '2020-02-11 17:10:38', '2020-02-11 17:10:38'),
(890, 'RETNO DWI SETYO NINGRUM', '03596', 40, '2020-02-11 17:10:48', '2020-02-11 17:10:48'),
(891, 'RIESA CRYSANTI JULIANNE', '03605', 40, '2020-02-11 17:11:04', '2020-02-11 17:11:04'),
(892, 'RIFCHA DWI RAGA AGUSTYA', '03607', 40, '2020-02-11 17:11:17', '2020-02-11 17:11:17'),
(893, 'RIO DWI PRADITA', '03610', 40, '2020-02-11 17:11:27', '2020-02-11 17:11:27'),
(894, 'RODLATUL FIRDAUS', '03622', 40, '2020-02-11 17:11:38', '2020-02-11 17:11:38'),
(895, 'SINDI ARINDA MEGA SILVIA P.A', '03645', 40, '2020-02-11 17:11:49', '2020-02-11 17:11:49'),
(896, 'SITI NURHALIZA', '03649', 40, '2020-02-11 17:12:00', '2020-02-11 17:12:00'),
(897, 'VENY ALFI APRILIA', '03668', 40, '2020-02-11 17:12:10', '2020-02-11 17:12:10'),
(898, 'VIVI DWI MARGARETA', '03671', 40, '2020-02-11 17:12:26', '2020-02-11 17:12:26'),
(899, 'WILDAN RAMADANI', '03676', 40, '2020-02-11 17:12:36', '2020-02-11 17:12:36'),
(900, 'YUGOS DWI SECILLIA', '03685', 40, '2020-02-11 17:12:51', '2020-02-11 17:12:51'),
(901, 'YUNITA', '03687', 40, '2020-02-11 17:13:02', '2020-02-11 17:13:02'),
(902, 'ABDI FAUZAN', '03263', 41, '2020-02-11 17:22:14', '2020-02-11 17:22:14'),
(903, 'ACHMAD KIVLAIN ZAIN P', '03266', 41, '2020-02-11 17:22:27', '2020-02-11 17:22:27'),
(904, 'ALFIYATUL CHALWA', '03291', 41, '2020-02-11 17:22:37', '2020-02-11 17:22:37'),
(905, 'ALIFIA WIDHO VALENSI', '03292', 41, '2020-02-11 17:22:54', '2020-02-11 17:22:54'),
(906, 'ASYAL ACHNAN WAHYUDI', '03322', 41, '2020-02-11 17:23:04', '2020-02-11 17:23:04'),
(907, 'AULIA TATA MAHARANI', '03326', 41, '2020-02-11 17:23:17', '2020-02-11 17:23:17'),
(908, 'BAGAS HARI FERNANDA', '03330', 41, '2020-02-11 17:23:29', '2020-02-11 17:23:29'),
(909, 'BAYU PAMUNGKAS DWI WAHYUDI', '03332', 41, '2020-02-11 17:23:41', '2020-02-11 17:23:41'),
(910, 'BERLINDA VERONIKA CAESARINA P', '03336', 41, '2020-02-11 17:23:52', '2020-02-11 17:23:52'),
(911, 'BISMANTIKA NAVY ADEKA ABRIANTI', '03340', 41, '2020-02-11 17:24:04', '2020-02-11 17:24:04'),
(912, 'DEVI WIDYAS PUTRI', '03369', 41, '2020-02-11 17:24:21', '2020-02-11 17:24:21'),
(913, 'DIAJENG AZH  AZHARA PUTRI C', '03376', 41, '2020-02-11 17:24:32', '2020-02-11 17:24:32'),
(914, 'ELLEN YOLAN OKTAVIAR', '03402', 41, '2020-02-11 17:24:43', '2020-02-11 17:24:43'),
(915, 'FEBI MELINDASARI', '03422', 41, '2020-02-11 17:24:53', '2020-02-11 17:24:53'),
(916, 'GRITIAS DWI LESTARI', '03438', 41, '2020-02-11 17:25:05', '2020-02-11 17:25:05'),
(917, 'INDRAWATI', '03460', 41, '2020-02-11 17:25:14', '2020-02-11 17:25:14'),
(918, 'IVAN PUJI HARTONO', '03466', 41, '2020-02-11 17:25:26', '2020-02-11 17:25:26'),
(919, 'JIHAD DATUL FADILAH', '03468', 41, '2020-02-11 17:25:42', '2020-02-11 17:25:42'),
(920, 'MIRNANDA WAHYU PRASTIKA', '03501', 41, '2020-02-11 17:25:57', '2020-02-11 17:25:57'),
(921, 'MOCHAMAD AINUN NAASIK', '03503', 41, '2020-02-11 17:26:09', '2020-02-11 17:26:09'),
(922, 'MOCHAMAD FAUZAN ZAKHARIYA', '03505', 41, '2020-02-11 17:26:36', '2020-02-11 17:26:36'),
(923, 'MOCHAMAD HIFNI HAFSYIN HAMID', '03506', 41, '2020-02-11 17:26:53', '2020-02-11 17:26:53'),
(924, 'MOCHAMAD YUDA SETIAWAN', '03509', 41, '2020-02-11 17:27:10', '2020-02-11 17:27:10'),
(925, 'NABILA ALIFIA SURYAWAN', '03528', 41, '2020-02-11 17:27:22', '2020-02-11 17:27:22'),
(926, 'NATASYA PUTRI KARINA', '03538', 41, '2020-02-11 17:27:34', '2020-02-11 17:27:34'),
(927, 'NAUFAL AHMAD FADHLUR ROHMAN', '03539', 41, '2020-02-11 17:27:47', '2020-02-11 17:27:47'),
(928, 'NILAM TRI RAHAYU', '03549', 41, '2020-02-11 17:27:57', '2020-02-11 17:27:57'),
(929, 'PUTRI KAVITA MURTI', '03572', 41, '2020-02-11 17:28:07', '2020-02-11 17:28:07'),
(930, 'RAHAYU NINGTYAS', '03576', 41, '2020-02-11 17:28:22', '2020-02-11 17:28:22'),
(931, 'RIEKE RAHAYU', '03604', 41, '2020-02-11 17:28:33', '2020-02-11 17:28:33'),
(932, 'RIO FERDINAND', '03611', 41, '2020-02-11 17:29:17', '2020-02-11 17:29:17'),
(933, 'ROHMATUNNADJILA', '03623', 41, '2020-02-11 17:29:34', '2020-02-11 17:29:34'),
(934, 'SHERLY DWI ARDIYANTI', '03640', 41, '2020-02-11 17:29:45', '2020-02-11 17:29:45'),
(935, 'SITI SHOFIA DWI RHOCHMAWATI', '03650', 41, '2020-02-11 17:29:57', '2020-02-11 17:29:57'),
(936, 'SYAFIRA ARDHYA PRAMESTI', '03656', 41, '2020-02-11 17:30:08', '2020-02-11 17:30:08'),
(937, 'ZARWANDA VIRA FAIZAH ROMAHONA', '03691', 41, '2020-02-11 17:30:23', '2020-02-11 17:30:23'),
(938, 'ABDULLOH NAFIQ', '03264', 42, '2020-02-11 17:32:35', '2020-02-11 17:32:35'),
(939, 'ADAM KAMIL PUTRA M', '03267', 42, '2020-02-11 17:32:46', '2020-02-11 17:32:46'),
(940, 'AJENG SAVILY APRILLEONI', '03287', 42, '2020-02-11 17:32:58', '2020-02-11 17:32:58'),
(941, 'ALMAELA ILLA IRODAH', '03294', 42, '2020-02-11 17:33:09', '2020-02-11 17:33:09'),
(942, 'ANANDA PUTRI RAHAYU', '03300', 42, '2020-02-11 17:33:20', '2020-02-11 17:33:20'),
(943, 'BELLA SAFITRI ANDRIANI', '03334', 42, '2020-02-11 17:33:32', '2020-02-11 17:33:32'),
(944, 'BERTRAN MARISCO E', '03337', 42, '2020-02-11 17:34:01', '2020-02-11 17:34:01'),
(945, 'CAHYANTI REYDAFA B', '03343', 42, '2020-02-11 17:34:18', '2020-02-11 17:34:18'),
(946, 'CHRISNA PUTRA DWI KHARA', '03351', 42, '2020-02-11 17:34:33', '2020-02-11 17:34:33'),
(947, 'DESYANA FITRIANI A', '03364', 42, '2020-02-11 17:34:45', '2020-02-11 17:34:45'),
(948, 'DHANISA ZAMARDHA ASSYURO', '03372', 42, '2020-02-11 17:34:56', '2020-02-11 17:34:56'),
(949, 'DIANA SILVIA RAHMA W', '03379', 42, '2020-02-11 17:35:12', '2020-02-11 17:35:12'),
(950, 'ELSA AULIA HERNANDA', '03403', 42, '2020-02-11 17:35:25', '2020-02-11 17:35:25'),
(951, 'FAHREZA RAFLI', '03410', 42, '2020-02-11 17:35:43', '2020-02-11 17:35:43'),
(952, 'FAJAR KURNIAWAN', '03413', 42, '2020-02-11 17:35:54', '2020-02-11 17:35:54'),
(953, 'FATIMATUL AFIFAH ARIYANTI', '03420', 42, '2020-02-11 17:36:06', '2020-02-11 17:36:06'),
(954, 'IMROK ATUL MAKRUFA', '03458', 42, '2020-02-11 17:36:19', '2020-02-11 17:36:19'),
(955, 'JAENAL ARIFIN', '03467', 42, '2020-02-11 17:36:31', '2020-02-11 17:36:31'),
(956, 'JIHAN NING ARUM', '03469', 42, '2020-02-11 17:36:53', '2020-02-11 17:36:53'),
(957, 'MAYA ASNA MANDAYANTI', '03494', 42, '2020-02-11 17:37:10', '2020-02-11 17:37:10'),
(958, 'MOH. ZIDAN FIRMANSYAH', '03510', 42, '2020-02-11 17:37:23', '2020-02-11 17:37:23'),
(959, 'MOHAMMAD FAKHRI H H', '03511', 42, '2020-02-11 17:37:35', '2020-02-11 17:37:35'),
(960, 'NABILA APRILIA PURNAMASARI', '03529', 42, '2020-02-11 17:37:49', '2020-02-11 17:37:49'),
(961, 'NADILA DWI YOLANDA', '03533', 42, '2020-02-11 17:38:00', '2020-02-11 17:38:00'),
(962, 'NAUFAL AIS ZAKKI D', '03540', 42, '2020-02-11 17:38:14', '2020-02-11 17:38:14'),
(963, 'NISA ROHMATUN YASHIROH', '03551', 42, '2020-02-11 17:38:27', '2020-02-11 17:38:27'),
(964, 'NUR VITA DEWAN TARI', '03562', 42, '2020-02-11 17:38:51', '2020-02-11 17:38:51'),
(965, 'RANI YOLANDA', '03581', 42, '2020-02-11 17:39:04', '2020-02-11 17:39:04'),
(966, 'RIF`ATUS SHOLIKHAH', '03606', 42, '2020-02-11 17:39:17', '2020-02-11 17:39:17'),
(967, 'RIFQY SURYADIANTO', '03609', 42, '2020-02-11 17:39:29', '2020-02-11 17:39:29'),
(968, 'RIO HERMANSYAH', '03612', 42, '2020-02-11 17:39:41', '2020-02-11 17:39:41'),
(969, 'RISMA NUR AINI', '03615', 42, '2020-02-11 17:40:00', '2020-02-11 17:40:00'),
(970, 'RIZKY AULIA SEPTIANTI', '03621', 42, '2020-02-11 17:40:12', '2020-02-11 17:40:12'),
(971, 'SHAFA AYULIA RAMADINA', '03637', 42, '2020-02-11 17:40:23', '2020-02-11 17:40:23'),
(972, 'SILVIANA RAHMAWATI', '03644', 42, '2020-02-11 17:40:37', '2020-02-11 17:40:37'),
(973, 'YUNITA NUR ROHMAWATI', '03688', 42, '2020-02-11 17:40:48', '2020-02-11 17:40:48'),
(974, 'SISILIA DIKA VIRGINIA', '04120', 42, '2020-02-11 17:41:00', '2020-02-11 17:41:00'),
(975, 'LIDIA AYU PURWONEGORO', '04121', 42, '2020-02-11 17:41:16', '2020-02-11 17:41:16'),
(976, 'LILIAN APRILIA ALAM', '0', 42, '2020-02-11 17:41:50', '2020-02-11 17:41:50'),
(977, 'ADHIA IAN SADEWO', '03273', 43, '2020-02-11 17:47:57', '2020-02-11 17:47:57'),
(978, 'ADHYAKSANA AGATHA SAPUTRA', '03274', 43, '2020-02-11 17:48:09', '2020-02-11 17:48:09'),
(979, 'AGNES NOVENIA RAMADHANY', '03281', 43, '2020-02-11 17:48:23', '2020-02-11 17:48:23'),
(980, 'ALYCA DEWI ISMAWATI', '03296', 43, '2020-02-11 17:48:38', '2020-02-11 17:48:38'),
(981, 'ANDIN CIPTA PUTRI', '03302', 43, '2020-02-11 17:48:50', '2020-02-11 17:48:50'),
(982, 'ANINDYA FAIRUS SIVA', '03308', 43, '2020-02-11 17:48:59', '2020-02-11 17:48:59'),
(983, 'CHARISMA APRILLIA PRASASTI', '03348', 43, '2020-02-11 17:49:11', '2020-02-11 17:49:11'),
(984, 'DAVID BESTOFAL GINTING', '03355', 43, '2020-02-11 17:49:22', '2020-02-11 17:49:22'),
(985, 'DELLA EKAHARIYANI', '03361', 43, '2020-02-11 17:49:43', '2020-02-11 17:49:43'),
(986, 'DIFA SEPTIN DHURIA PUTRI', '03381', 43, '2020-02-11 17:49:57', '2020-02-11 17:49:57'),
(987, 'DINDA PRAMESWARI', '03385', 43, '2020-02-11 17:50:10', '2020-02-11 17:50:10'),
(988, 'ELVIRA INDI RACHMAWATI', '03405', 43, '2020-02-11 17:51:50', '2020-02-11 17:51:50'),
(989, 'FANI ALFAYEDH', '03414', 43, '2020-02-11 17:52:01', '2020-02-11 17:52:01'),
(990, 'FINNA ASTRI WIDIYANA', '03427', 43, '2020-02-11 17:53:22', '2020-02-11 17:53:22'),
(991, 'HABIB KURNIAWAN', '03439', 43, '2020-02-11 17:53:39', '2020-02-11 17:53:39'),
(992, 'ILFARIKA AINURIANATA', '03456', 43, '2020-02-11 17:53:52', '2020-02-11 17:53:52'),
(993, 'JOVANCHA BETRAND ZELVIAOLYN S', '03470', 43, '2020-02-11 17:54:04', '2020-02-11 17:54:04'),
(994, 'KAVY RESSA PUTRI DWI FITRIANITA S', '03472', 43, '2020-02-11 17:54:19', '2020-02-11 17:54:19'),
(995, 'MAR`ATUS SOLIKHA', '03488', 43, '2020-02-11 17:54:32', '2020-02-11 17:54:32'),
(996, 'MELGY TRI AMALIA', '03497', 43, '2020-02-11 17:54:44', '2020-02-11 17:54:44'),
(997, 'MOHAMMAD GHAZI AL GHIFARI', '03512', 43, '2020-02-11 17:54:58', '2020-02-11 17:54:58'),
(998, 'MOHAMMAD HAYKAL ALHAFIZ', '03513', 43, '2020-02-11 17:55:09', '2020-02-11 17:55:09'),
(999, 'NEO FAJRIN RASYA AR RASYID', '03543', 43, '2020-02-11 17:55:20', '2020-02-11 17:55:20'),
(1000, 'NICKY RANA AFIFAH', '03545', 43, '2020-02-11 17:55:32', '2020-02-11 17:55:32'),
(1001, 'NISA`UL FADHILAH', '03552', 43, '2020-02-11 17:55:59', '2020-02-11 17:55:59'),
(1002, 'NUR LAILATUL ABIDAH', '03561', 43, '2020-02-11 17:56:21', '2020-02-11 17:56:21'),
(1003, 'RAMADHINA NUR SHOFIA', '03580', 43, '2020-02-11 17:56:33', '2020-02-11 17:56:33'),
(1004, 'RIDHO TRI ATMOJO', '03602', 43, '2020-02-11 17:56:46', '2020-02-11 17:56:46'),
(1005, 'RIFDATUL JANNAH', '03608', 43, '2020-02-11 17:56:56', '2020-02-11 17:56:56'),
(1006, 'RISCA DWI ANGGRAINI', '03614', 43, '2020-02-11 17:57:08', '2020-02-11 17:57:08'),
(1007, 'RIZA WISNU PRAKASA', '03618', 43, '2020-02-11 17:57:19', '2020-02-11 17:57:19'),
(1008, 'SATRIO WALUYO', '03629', 43, '2020-02-11 17:57:29', '2020-02-11 17:57:29'),
(1009, 'SHAVIRA PRIMA CITRA RAHMA D', '03638', 43, '2020-02-11 17:57:40', '2020-02-11 17:57:40'),
(1010, 'SHINTYA HAMIDA FARISHI', '03642', 43, '2020-02-11 17:57:51', '2020-02-11 17:57:51'),
(1011, 'SYIFADIA RAHMAISTI', '03659', 43, '2020-02-11 17:58:08', '2020-02-11 17:58:08'),
(1012, 'TATA AFTANIA DELA OCTAVIANI', '03662', 43, '2020-02-11 17:58:21', '2020-02-11 17:58:21'),
(1013, 'AFAN PERMANA ARIANTO', '03276', 44, '2020-02-12 02:53:07', '2020-02-12 02:53:07'),
(1014, 'AFRINDA ALIFIAN NISA`', '03278', 44, '2020-02-12 02:53:47', '2020-02-12 02:53:47'),
(1015, 'AFRYAN NAWWA FIRDAUS', '03279', 44, '2020-02-12 02:54:12', '2020-02-12 02:54:12'),
(1016, 'ALVINA PUTRI ANDHINI', '03295', 44, '2020-02-12 02:54:47', '2020-02-12 02:54:47'),
(1017, 'ANDINI DWI FATIKASARI', '03303', 44, '2020-02-12 02:55:28', '2020-02-12 02:55:28'),
(1018, 'ANGELI FIRANIKA SETIAWAN', '03305', 44, '2020-02-12 02:56:09', '2020-02-12 02:56:09'),
(1019, 'CHUSNUL CHOIROHMA', '03352', 44, '2020-02-12 02:56:45', '2020-02-12 02:56:45'),
(1020, 'DEDY SATRIO SEJATI', '03358', 44, '2020-02-12 02:57:08', '2020-02-12 02:57:08'),
(1021, 'DEVI AJENG NUR ISLAMI', '03366', 44, '2020-02-12 02:57:24', '2020-02-12 02:57:24'),
(1022, 'DHEA FATMA ARIANTI', '03373', 44, '2020-02-12 02:57:43', '2020-02-12 02:57:43'),
(1023, 'DINY SEPTIANA DEWI', '03386', 44, '2020-02-12 02:57:59', '2020-02-12 02:57:59'),
(1024, 'DZAKI INDRA CAHYA', '03393', 44, '2020-02-12 02:58:15', '2020-02-12 02:58:15'),
(1025, 'ELSA BUDI ARDHANIA', '03404', 44, '2020-02-12 02:58:34', '2020-02-12 02:58:34'),
(1026, 'FERDIANSYAH DWI PRATAMA', '03423', 44, '2020-02-12 02:58:51', '2020-02-12 02:58:51'),
(1027, 'HALIZA NUR FAJRYA', '03440', 44, '2020-02-12 02:59:19', '2020-02-12 02:59:19'),
(1028, 'HANDI PRATAMA', '03441', 44, '2020-02-12 02:59:43', '2020-02-12 02:59:43'),
(1029, 'INDRIANI ELSYA PUTRI', '03461', 44, '2020-02-12 03:00:05', '2020-02-12 03:00:05'),
(1030, 'KHOIRUNNISA` HAMIDAH', '03474', 44, '2020-02-12 03:00:22', '2020-02-12 03:00:22'),
(1031, 'KUKUH ANANDA', '03476', 44, '2020-02-12 03:02:13', '2020-02-12 03:02:13'),
(1032, 'LULUK ULFAH', '03484', 44, '2020-02-12 03:02:32', '2020-02-12 03:02:32'),
(1033, 'MEISY INDY ARUMPRAVITA', '03496', 44, '2020-02-12 03:02:48', '2020-02-12 03:02:48'),
(1034, 'MUCHAMAD RAFI SAPUTRA', '03515', 44, '2020-02-12 03:03:08', '2020-02-12 03:03:08'),
(1035, 'MUH. WHILDAN RISALDI', '03516', 44, '2020-02-12 03:03:29', '2020-02-12 03:03:29'),
(1036, 'NETA APRILIA ROSANTI', '03544', 44, '2020-02-12 03:04:17', '2020-02-12 03:04:17'),
(1037, 'NOFERDY WAHYU RAMADHAN', '03553', 44, '2020-02-12 03:04:30', '2020-02-12 03:04:30'),
(1038, 'NOVA MONICA AULIA SAFITRI', '03554', 44, '2020-02-12 03:04:46', '2020-02-12 03:04:46'),
(1039, 'NURUL FADHILAH', '03564', 44, '2020-02-12 03:05:10', '2020-02-12 03:05:10'),
(1040, 'RAHMA FAUJIAH', '03577', 44, '2020-02-12 03:05:32', '2020-02-12 03:05:32'),
(1041, 'REZZA DWI ANDRIANTO', '03600', 44, '2020-02-12 03:05:49', '2020-02-12 03:05:49'),
(1042, 'RISA DWI RACHMAWATI', '03613', 44, '2020-02-12 03:06:10', '2020-02-12 03:06:10'),
(1043, 'SAVERO TUBAGUS MAHARDIKA', '03630', 44, '2020-02-12 03:06:28', '2020-02-12 03:06:28'),
(1044, 'SELVIA DWI PERMATASARI', '03632', 44, '2020-02-12 03:06:39', '2020-02-12 03:06:39'),
(1045, 'SINDY WASDIYANTI', '03646', 44, '2020-02-12 03:07:04', '2020-02-12 03:07:04'),
(1046, 'SYIFA`UL AFIDAH', '03658', 44, '2020-02-12 03:07:17', '2020-02-12 03:07:17'),
(1047, 'WANDARATU KARTIKASARI', '03674', 44, '2020-02-12 03:07:42', '2020-02-12 03:07:42'),
(1048, 'YASMIN ESTUNINGTYAS', '03680', 44, '2020-02-12 03:07:57', '2020-02-12 03:07:57'),
(1049, 'ADINDA KARTIKA PRATIWI', '03275', 45, '2020-02-12 03:11:38', '2020-02-12 03:11:38'),
(1050, 'AGHA RIZKY FATCHUR RAHMAN', '03280', 45, '2020-02-12 03:11:53', '2020-02-12 03:11:53'),
(1051, 'AHMAD SHOFI ZAKARIA', '03283', 45, '2020-02-12 03:12:14', '2020-02-12 03:12:14'),
(1052, 'ANITA RIZKIA RAHMA', '03309', 45, '2020-02-12 03:12:39', '2020-02-12 03:12:39'),
(1053, 'APRILLIANTY BELINDA AYU NADIFA P', '03313', 45, '2020-02-12 03:12:59', '2020-02-12 03:12:59'),
(1054, 'BIMA AMIRUL HUDA', '03339', 45, '2020-02-12 03:13:14', '2020-02-12 03:13:14'),
(1055, 'CAHYANI REGGITA BINTARI', '03342', 45, '2020-02-12 03:13:31', '2020-02-12 03:13:31'),
(1056, 'DANIA DAMAYANTI', '03353', 45, '2020-02-12 03:13:59', '2020-02-12 03:13:59'),
(1057, 'DESINTA SELVIA ARINI', '03363', 45, '2020-02-12 03:14:27', '2020-02-12 03:14:27'),
(1058, 'DETA DWI PANDU WIBOWO', '03365', 45, '2020-02-12 03:14:47', '2020-02-12 03:14:47'),
(1059, 'DHIFA AKHLAQUL KARIMAH', '03375', 45, '2020-02-12 03:15:01', '2020-02-12 03:15:01'),
(1060, 'DIVA APRILILA', '03389', 45, '2020-02-12 03:15:17', '2020-02-12 03:15:17'),
(1061, 'FARAH ANNISA` WARID', '03417', 45, '2020-02-12 03:15:38', '2020-02-12 03:15:38'),
(1062, 'FERDINAND KUSUMA INDRAJAYA', '03424', 45, '2020-02-12 03:15:57', '2020-02-12 03:15:57'),
(1063, 'FERI PRASETIAWAN', '03425', 45, '2020-02-12 03:16:12', '2020-02-12 03:16:12'),
(1064, 'HANUM SAJIDAH', '03443', 45, '2020-02-12 03:16:33', '2020-02-12 03:16:33'),
(1065, 'HAVEZ ZIDANE ANFASYA', '03444', 45, '2020-02-12 03:16:52', '2020-02-12 03:16:52'),
(1066, 'INE INDRIA FEBRIANTI', '03462', 45, '2020-02-12 03:17:10', '2020-02-12 03:17:10'),
(1067, 'LAILAFI FADHILAH', '03477', 45, '2020-02-12 03:17:25', '2020-02-12 03:17:25'),
(1068, 'M. ALFAN EFENDI', '03486', 45, '2020-02-12 03:18:25', '2020-02-12 03:18:25'),
(1069, 'MARCELLIA NUR FITRI', '03490', 45, '2020-02-12 03:18:45', '2020-02-12 03:18:45'),
(1070, 'MIDORY AUTAKE', '03498', 45, '2020-02-12 03:19:03', '2020-02-12 03:19:03'),
(1071, 'MUHAMAD DWI MAULANA W', '03517', 45, '2020-02-12 03:19:16', '2020-02-12 03:19:16'),
(1072, 'MUHAMAD YUSEF MAHENDRA', '03518', 45, '2020-02-12 03:19:35', '2020-02-12 03:19:35'),
(1073, 'NADIA TRISNA ANDINI', '03531', 45, '2020-02-12 03:19:49', '2020-02-12 03:19:49'),
(1074, 'NAUFAL SIRYA PRASETYA', '03541', 45, '2020-02-12 03:20:04', '2020-02-12 03:20:04'),
(1075, 'NOVI ROHMAWATI', '03555', 45, '2020-02-12 03:20:31', '2020-02-12 03:20:31'),
(1076, 'NUR ELY LAILA', '03560', 45, '2020-02-12 03:20:53', '2020-02-12 03:20:53'),
(1077, 'RACHMAT GHULAM SYAPUTRA', '03573', 45, '2020-02-12 03:21:09', '2020-02-12 03:21:09'),
(1078, 'RATNA DEWI ARISANTI', '03582', 45, '2020-02-12 03:21:50', '2020-02-12 03:21:50'),
(1079, 'RAVIE MAHENDRA BIMA', '03586', 45, '2020-02-12 03:22:01', '2020-02-12 03:22:01'),
(1080, 'SAYYIDATUR ROHMAH SALSABIILA', '03631', 45, '2020-02-12 03:22:17', '2020-02-12 03:22:17'),
(1081, 'SHERLY AMALIA RACHMAWATI', '03639', 45, '2020-02-12 03:22:33', '2020-02-12 03:22:33'),
(1082, 'SURYA DARMA ADHIYAKSA', '03655', 45, '2020-02-12 03:22:48', '2020-02-12 03:22:48'),
(1083, 'VANIA MARETA', '03667', 45, '2020-02-12 03:23:03', '2020-02-12 03:23:03'),
(1084, 'WANDA MUJI FEBRIANTY', '03673', 45, '2020-02-12 03:23:16', '2020-02-12 03:23:16'),
(1085, 'ADELLA VADIA ARTAMEVIA', '03272', 46, '2020-02-12 03:26:40', '2020-02-12 03:26:40'),
(1086, 'AKBAR KANTONA', '03288', 46, '2020-02-12 03:27:05', '2020-02-12 03:27:05'),
(1087, 'AKHMAD FAWZI NUR ROHMAN', '03289', 46, '2020-02-12 03:27:26', '2020-02-12 03:27:26'),
(1088, 'ALEX ANDRE SETIAWAN', '03290', 46, '2020-02-12 03:27:43', '2020-02-12 03:27:43'),
(1089, 'AMELIA CAHYA PREVIAN', '03299', 46, '2020-02-12 03:28:05', '2020-02-12 03:28:05'),
(1090, 'ANDINI SAFITRI PUSPITASARI', '03304', 46, '2020-02-12 03:28:30', '2020-02-12 03:28:30'),
(1091, 'ASITTA KUMAIROH', '03321', 46, '2020-02-12 03:28:57', '2020-02-12 03:28:57'),
(1092, 'BRYAN FARIS ARISANDY', '03341', 46, '2020-02-12 03:29:18', '2020-02-12 03:29:18'),
(1093, 'CANDRA ASIH SETYANINGRUM', '03345', 46, '2020-02-12 03:29:39', '2020-02-12 03:29:39'),
(1094, 'DEA ANANDA PUTRI', '03356', 46, '2020-02-12 03:29:59', '2020-02-12 03:29:59'),
(1095, 'DINA DWI RAHMAWATI', '03384', 46, '2020-02-12 03:30:14', '2020-02-12 03:30:14'),
(1096, 'DITA SURAYA PUTRI IKMALIA', '03387', 46, '2020-02-12 03:30:33', '2020-02-12 03:30:33'),
(1097, 'FARADIBA MAUNA', '03416', 46, '2020-02-12 03:30:53', '2020-02-12 03:30:53'),
(1098, 'FIRNANDA KENCANA ERLIZA', '03429', 46, '2020-02-12 03:31:18', '2020-02-12 03:31:18'),
(1099, 'HAVIZ MAULVI NAZIR AHMAD', '03445', 46, '2020-02-12 03:31:34', '2020-02-12 03:31:34'),
(1100, 'IKA RENI KUSMILA', '03454', 46, '2020-02-12 03:31:49', '2020-02-12 03:31:49'),
(1101, 'INDAH SURYA DELLA', '03459', 46, '2020-02-12 03:32:07', '2020-02-12 03:32:07'),
(1102, 'IRABELLA WAHYU PRAWIRA S', '03464', 46, '2020-02-12 03:32:22', '2020-02-12 03:32:22'),
(1103, 'LAILATUL FITHRIYAH', '03478', 46, '2020-02-12 03:32:37', '2020-02-12 03:32:37'),
(1104, 'M. NADHIFUL ROMADHON', '03487', 46, '2020-02-12 03:33:19', '2020-02-12 03:33:19'),
(1105, 'MARINDA AZAHRA ZETIRA', '03491', 46, '2020-02-12 03:33:36', '2020-02-12 03:33:36'),
(1106, 'MIFTAKHUL JANNAH', '03499', 46, '2020-02-12 03:33:57', '2020-02-12 03:33:57'),
(1107, 'MUHAMMAD AGIL PERMADI', '03519', 46, '2020-02-12 03:34:15', '2020-02-12 03:34:15'),
(1108, 'MUHAMMAD CHABIBUR ROHMAN', '03521', 46, '2020-02-12 03:34:32', '2020-02-12 03:34:32'),
(1109, 'NUKE AULIA PRATIWI', '03556', 46, '2020-02-12 03:34:51', '2020-02-12 03:34:51'),
(1110, 'PUTRI HAFIZHAH ROSANTI', '03571', 46, '2020-02-12 03:35:37', '2020-02-12 03:35:37'),
(1111, 'RATNA EKA SYAH PUTRI', '03583', 46, '2020-02-12 03:36:48', '2020-02-12 03:36:48'),
(1112, 'RAYHAN IRSYADILLAH', '03588', 46, '2020-02-12 03:37:04', '2020-02-12 03:37:04'),
(1113, 'REZA ADYATAMA NUGROHO', '03599', 46, '2020-02-12 03:37:24', '2020-02-12 03:37:24'),
(1114, 'RHEINA DIVA ANGGRAINI', '03601', 46, '2020-02-12 03:37:37', '2020-02-12 03:37:37'),
(1115, 'RUSITA TRI RAHAYU', '03625', 46, '2020-02-12 03:37:49', '2020-02-12 03:37:49'),
(1116, 'SENDANG UTAMI', '03633', 46, '2020-02-12 03:38:07', '2020-02-12 03:38:07'),
(1117, 'SEVIRA DWI SHABRINA', '03636', 46, '2020-02-12 03:38:31', '2020-02-12 03:38:31'),
(1118, 'TAMARA SUJARWO PUTRI', '03661', 46, '2020-02-12 03:38:43', '2020-02-12 03:38:43'),
(1119, 'TITO TIAR WARDANA', '03664', 46, '2020-02-12 03:38:56', '2020-02-12 03:38:56'),
(1120, 'WINDA HAMIDAH', '03677', 46, '2020-02-12 03:39:12', '2020-02-12 03:39:12'),
(1121, 'ADELLA ANGGIA PRAMESTI', '03271', 47, '2020-02-12 03:41:09', '2020-02-12 03:41:09'),
(1122, 'ANANDA RYAN PRATAMA', '03301', 47, '2020-02-12 03:41:31', '2020-02-12 03:41:31'),
(1123, 'ANNADYA NUR QOLBI', '03311', 47, '2020-02-12 03:41:46', '2020-02-12 03:41:46'),
(1124, 'ANNANDO KUSUMA DIANTO', '03312', 47, '2020-02-12 03:42:00', '2020-02-12 03:42:00'),
(1125, 'ARINI NUR CAHYATI', '03317', 47, '2020-02-12 03:42:34', '2020-02-12 03:42:34'),
(1126, 'CALVIN WIDYATAMA', '03344', 47, '2020-02-12 03:42:55', '2020-02-12 03:42:55'),
(1127, 'DEWA SATRYA UTAMA', '03371', 47, '2020-02-12 03:43:18', '2020-02-12 03:43:18'),
(1128, 'DYAN PUTRI APRILIA', '03392', 47, '2020-02-12 03:43:38', '2020-02-12 03:43:38'),
(1129, 'EKA DIAN AGUSTIN', '03395', 47, '2020-02-12 03:43:52', '2020-02-12 03:43:52'),
(1130, 'ELIZA QOUTURNADA', '03400', 47, '2020-02-12 03:45:18', '2020-02-12 03:45:18'),
(1131, 'FADIA CHUSNUL MA`RIFAH', '03408', 47, '2020-02-12 03:45:33', '2020-02-12 03:45:33'),
(1132, 'FANNYAH MAHFUDHOH', '03415', 47, '2020-02-12 03:45:49', '2020-02-12 03:45:49'),
(1133, 'GEBRIL DWI SETYO', '03433', 47, '2020-02-12 03:46:03', '2020-02-12 03:46:03'),
(1134, 'HANI AMINATUS SHOLEHA', '03442', 47, '2020-02-12 03:46:17', '2020-02-12 03:46:17'),
(1135, 'HIRADHIKA RAYADANA', '03452', 47, '2020-02-12 03:46:32', '2020-02-12 03:46:32'),
(1136, 'ILFI KHARISMATUL LIA SARI', '03457', 47, '2020-02-12 03:46:47', '2020-02-12 03:46:47'),
(1137, 'LESTARIA  LUSY RAHMAWATI', '03479', 47, '2020-02-12 03:47:01', '2020-02-12 03:47:01'),
(1138, 'MARCELLA NUR FITRIA', '03489', 47, '2020-02-12 03:47:17', '2020-02-12 03:47:17'),
(1139, 'MONICA GIODEVIE', '03514', 47, '2020-02-12 03:47:33', '2020-02-12 03:47:33'),
(1140, 'MUHAMMAD DICKY', '03522', 47, '2020-02-12 03:48:20', '2020-02-12 03:48:20'),
(1141, 'MUHAMMAD FERDIANTO', '03524', 47, '2020-02-12 03:48:33', '2020-02-12 03:48:33'),
(1142, 'MUHAMMAD KHABIBUR RAHMAN', '03525', 47, '2020-02-12 03:48:45', '2020-02-12 03:48:45'),
(1143, 'NABILAH SAFFANAH', '03530', 47, '2020-02-12 03:49:03', '2020-02-12 03:49:03'),
(1144, 'NUR AINI', '03558', 47, '2020-02-12 03:49:16', '2020-02-12 03:49:16'),
(1145, 'PINTA AINUN NADHIROH', '03566', 47, '2020-02-12 03:49:33', '2020-02-12 03:49:33'),
(1146, 'PUJI LATIFATUS ZUHHRIYAH', '03570', 47, '2020-02-12 03:49:47', '2020-02-12 03:49:47'),
(1147, 'RATRI RAMADHANI', '03585', 47, '2020-02-12 03:50:10', '2020-02-12 03:50:10'),
(1148, 'REDY PRIMA JAYA', '03589', 47, '2020-02-12 03:50:50', '2020-02-12 03:50:50'),
(1149, 'REGITA DWI RAHMAYANTI', '03591', 47, '2020-02-12 03:51:04', '2020-02-12 03:51:04');
INSERT INTO `tb_siswa` (`id`, `nama_siswa`, `nis`, `kelas_id`, `created_at`, `updated_at`) VALUES
(1150, 'SALSABILAH PUTRI', '03627', 47, '2020-02-12 03:51:24', '2020-02-12 03:51:24'),
(1151, 'SITI UMATUL MUSTAGHFIRAH', '03651', 47, '2020-02-12 03:51:39', '2020-02-12 03:51:39'),
(1152, 'UMI SYARIFAH', '03666', 47, '2020-02-12 03:51:56', '2020-02-12 03:51:56'),
(1153, 'VINA HARI APRILIA', '03669', 47, '2020-02-12 03:52:14', '2020-02-12 03:52:14'),
(1154, 'VIRGIAWAN ENDY ADITYA', '03670', 47, '2020-02-12 03:52:28', '2020-02-12 03:52:28'),
(1155, 'YOLANDA OKTAVIA VIOLITA', '03683', 47, '2020-02-12 03:52:53', '2020-02-12 03:52:53'),
(1156, 'YULINDA PUSPITA SARI', '03686', 47, '2020-02-12 03:53:07', '2020-02-12 03:53:07'),
(1157, 'ADELA RISTIYAWANTI', '03269', 48, '2020-02-12 03:55:57', '2020-02-12 03:55:57'),
(1158, 'AHMAD DIFA SALSABILA', '03282', 48, '2020-02-12 03:56:12', '2020-02-12 03:56:12'),
(1159, 'ARJUN ADI LUHUNG JALU SAKTI', '03319', 48, '2020-02-12 03:56:32', '2020-02-12 03:56:32'),
(1160, 'AULIA RACHMA PRAMUDITYA', '03324', 48, '2020-02-12 03:56:43', '2020-02-12 03:56:43'),
(1161, 'AULIA RAHMA DARMARINI', '03325', 48, '2020-02-12 03:56:58', '2020-02-12 03:56:58'),
(1162, 'BELLA HIDAYATUS SYAFITRI', '03333', 48, '2020-02-12 03:57:13', '2020-02-12 03:57:13'),
(1163, 'CHIKO PUTRA JUNIANANDA', '03350', 48, '2020-02-12 03:57:34', '2020-02-12 03:57:34'),
(1164, 'DIMAS WALIYUL A`LA', '03383', 48, '2020-02-12 03:57:46', '2020-02-12 03:57:46'),
(1165, 'ELFINDA LEKSI ALVERINA D', '03397', 48, '2020-02-12 03:57:59', '2020-02-12 03:57:59'),
(1166, 'ELISA AYU FEBRYANTI', '03398', 48, '2020-02-12 03:58:33', '2020-02-12 03:58:33'),
(1167, 'FAHRISA NUR AMALIA', '03411', 48, '2020-02-12 03:58:48', '2020-02-12 03:58:48'),
(1168, 'FARICHA NOR INAYAH', '03418', 48, '2020-02-12 03:59:07', '2020-02-12 03:59:07'),
(1169, 'GIAN ALFIANUDDIN', '03434', 48, '2020-02-12 03:59:27', '2020-02-12 03:59:27'),
(1170, 'GRAHITA BERLIAN FISABILILLAH', '03437', 48, '2020-02-12 03:59:44', '2020-02-12 03:59:44'),
(1171, 'HENI LESTARI', '03447', 48, '2020-02-12 04:00:01', '2020-02-12 04:00:01'),
(1172, 'IKHLASUL AMALIA', '03455', 48, '2020-02-12 04:00:14', '2020-02-12 04:00:14'),
(1173, 'IQBAL IZZA ADDAVIQI', '03463', 48, '2020-02-12 04:00:28', '2020-02-12 04:00:28'),
(1174, 'LINDA DWI KUSUMA AINURRO`SYDAH', '03481', 48, '2020-02-12 04:01:00', '2020-02-12 04:01:00'),
(1175, 'LUCILIA RISKA AZHAR', '03483', 48, '2020-02-12 04:01:21', '2020-02-12 04:01:21'),
(1176, 'MAULANA ANANTA ZAHRI', '03493', 48, '2020-02-12 04:01:43', '2020-02-12 04:01:43'),
(1177, 'MOCH YANUAR ROMADHONI', '03502', 48, '2020-02-12 04:01:58', '2020-02-12 04:01:58'),
(1178, 'MUHAMMAD SUBHAN AMIRUDDIN', '03526', 48, '2020-02-12 04:02:14', '2020-02-12 04:02:14'),
(1179, 'MUKAMAT DWIKI HARIANTORO', '03527', 48, '2020-02-12 04:02:32', '2020-02-12 04:02:32'),
(1180, 'NADYA OCTAVIA WULANDARI', '03536', 48, '2020-02-12 04:02:48', '2020-02-12 04:02:48'),
(1181, 'NURAINI RIA AULIA', '03563', 48, '2020-02-12 04:03:02', '2020-02-12 04:03:02'),
(1182, 'RAFIKA ARUM DWI SANTOSO', '03575', 48, '2020-02-12 04:03:15', '2020-02-12 04:03:15'),
(1183, 'REFALDI PRIMA SAKSANA', '03590', 48, '2020-02-12 04:03:30', '2020-02-12 04:03:30'),
(1184, 'RENAL PUTRA PERDANA', '03594', 48, '2020-02-12 04:03:46', '2020-02-12 04:03:46'),
(1185, 'RENATHA DEWI CANTIKA', '03595', 48, '2020-02-12 04:04:00', '2020-02-12 04:04:00'),
(1186, 'RIZKA MAULIDYAH RAHMAWATI', '03619', 48, '2020-02-12 04:04:16', '2020-02-12 04:04:16'),
(1187, 'SALSABILA ASADAWA TASYA', '03626', 48, '2020-02-12 04:04:32', '2020-02-12 04:04:32'),
(1188, 'SITI ANISAH APRILIA PUTRI', '03648', 48, '2020-02-12 04:04:53', '2020-02-12 04:04:53'),
(1189, 'TABRIZ BAKRI', '03660', 48, '2020-02-12 04:05:10', '2020-02-12 04:05:10'),
(1190, 'WAHYU ARDIKYANSAH', '03672', 48, '2020-02-12 04:05:24', '2020-02-12 04:05:24'),
(1191, 'YOVIE FIRMANSYAH', '03684', 48, '2020-02-12 04:05:40', '2020-02-12 04:05:40'),
(1192, 'ZUMROTUL MUALLIFAH', '03693', 48, '2020-02-12 04:05:50', '2020-02-12 04:05:50'),
(1193, 'ACHMAD GIRY MAULANA', '03265', 49, '2020-02-12 04:07:45', '2020-02-12 04:07:45'),
(1194, 'ADELA NUR CAHYANI', '03268', 49, '2020-02-12 04:08:02', '2020-02-12 04:08:02'),
(1195, 'AMANDA RESTU MADU ROFIASARI', '03298', 49, '2020-02-12 04:08:15', '2020-02-12 04:08:15'),
(1196, 'ANNA JAYANA', '03310', 49, '2020-02-12 04:08:35', '2020-02-12 04:08:35'),
(1197, 'ARIESKA RYFQY PUTRI PRATAMA', '03314', 49, '2020-02-12 04:08:48', '2020-02-12 04:08:48'),
(1198, 'AVIVA SURYA PRATIWI', '03328', 49, '2020-02-12 04:09:45', '2020-02-12 04:09:45'),
(1199, 'BAYU ARDIANSYAH', '03331', 49, '2020-02-12 04:10:12', '2020-02-12 04:10:12'),
(1200, 'CANDRI EKA PRAHARTAMA', '03346', 49, '2020-02-12 04:10:21', '2020-02-12 04:10:21'),
(1201, 'DANNY RACHMAN AJI', '03354', 49, '2020-02-12 04:10:39', '2020-02-12 04:10:39'),
(1202, 'DELLA AULIA SURYANINGSIH', '03360', 49, '2020-02-12 04:10:52', '2020-02-12 04:10:52'),
(1203, 'DEVI SULISTYAWATI', '03368', 49, '2020-02-12 04:11:04', '2020-02-12 04:11:04'),
(1204, 'DIANA PUTRI RETNOWATI', '03378', 49, '2020-02-12 04:11:22', '2020-02-12 04:11:22'),
(1205, 'DIMAS AHKMAD FAKHRUDIN', '03382', 49, '2020-02-12 04:11:37', '2020-02-12 04:11:37'),
(1206, 'EDO ARIF ARDIANSYAH', '03394', 49, '2020-02-12 04:11:50', '2020-02-12 04:11:50'),
(1207, 'ELFIN NUR ISNAINI', '03396', 49, '2020-02-12 04:12:09', '2020-02-12 04:12:09'),
(1208, 'FACHRUL ADAM', '03407', 49, '2020-02-12 04:12:22', '2020-02-12 04:12:22'),
(1209, 'FADIA FINTA FATIKHASARI', '03409', 49, '2020-02-12 04:12:34', '2020-02-12 04:12:34'),
(1210, 'GINTAN REGITA MAHARANI', '03436', 49, '2020-02-12 04:12:47', '2020-02-12 04:12:47'),
(1211, 'HELSA VIA AMANDA', '03446', 49, '2020-02-12 04:13:06', '2020-02-12 04:13:06'),
(1212, 'HERNANDA DWI SINTIAWATI', '03449', 49, '2020-02-12 04:13:34', '2020-02-12 04:13:34'),
(1213, 'IRFAN NUR HANIF', '03465', 49, '2020-02-12 04:13:50', '2020-02-12 04:13:50'),
(1214, 'KARTIKA ARIE PURWATI', '03471', 49, '2020-02-12 04:14:03', '2020-02-12 04:14:03'),
(1215, 'LISA AMELLYA', '03482', 49, '2020-02-12 04:14:17', '2020-02-12 04:14:17'),
(1216, 'MOCHAMAD ILHAM DITO SANTOSA', '03507', 49, '2020-02-12 04:14:30', '2020-02-12 04:14:30'),
(1217, 'MOCHAMAD NIZAR NARENDRA', '03508', 49, '2020-02-12 04:14:44', '2020-02-12 04:14:44'),
(1218, 'NADILA ARISTA SARI', '03532', 49, '2020-02-12 04:14:57', '2020-02-12 04:14:57'),
(1219, 'NADILA PUSPITASARI', '03534', 49, '2020-02-12 04:15:14', '2020-02-12 04:15:14'),
(1220, 'NADYA AFIFFATUR KHARISMA', '03535', 49, '2020-02-12 04:15:26', '2020-02-12 04:15:26'),
(1221, 'NANDA IKA WIDYANING SAPUTRI', '03537', 49, '2020-02-12 04:15:45', '2020-02-12 04:15:45'),
(1222, 'ORCHITA MEISYAH RAHAYU', '03565', 49, '2020-02-12 04:15:55', '2020-02-12 04:15:55'),
(1223, 'POPPY NUR ALIFIA PUTRI', '03567', 49, '2020-02-12 04:16:13', '2020-02-12 04:16:13'),
(1224, 'RELINDA PUSPITA SARI', '03593', 49, '2020-02-12 04:16:32', '2020-02-12 04:16:32'),
(1225, 'RIVANDA PUTRA BAKTI', '03616', 49, '2020-02-12 04:16:44', '2020-02-12 04:16:44'),
(1226, 'SERLY FITRIA HANDAYANI', '03635', 49, '2020-02-12 04:16:57', '2020-02-12 04:16:57'),
(1227, 'THERESIA PUTRI WAHYUDI', '03663', 49, '2020-02-12 04:17:14', '2020-02-12 04:17:14'),
(1228, 'WULANDARI HIDAYANTI', '03679', 49, '2020-02-12 04:17:28', '2020-02-12 04:17:28'),
(1229, 'ADELIA PERMATA CAHYANI', '03270', 50, '2020-02-12 04:20:34', '2020-02-12 04:20:34'),
(1230, 'AINNUR PUWANG MAHARANI', '03284', 50, '2020-02-12 04:20:49', '2020-02-12 04:20:49'),
(1231, 'ALIYA MAYANG NANDA ROSA B', '03293', 50, '2020-02-12 04:21:03', '2020-02-12 04:21:03'),
(1232, 'AMANDA DWI PRADIANA', '03297', 50, '2020-02-12 04:21:25', '2020-02-12 04:21:25'),
(1233, 'ANGGI EKA WULANDARI', '03306', 50, '2020-02-12 04:21:39', '2020-02-12 04:21:39'),
(1234, 'ARIFANTO ABDUL JALIL', '03315', 50, '2020-02-12 04:22:07', '2020-02-12 04:22:07'),
(1235, 'CANTIKA LARASATI', '03347', 50, '2020-02-12 04:22:20', '2020-02-12 04:22:20'),
(1236, 'DENISA AULIA ALIF', '03362', 50, '2020-02-12 04:22:37', '2020-02-12 04:22:37'),
(1237, 'DONY DEWANTORO', '03390', 50, '2020-02-12 04:23:00', '2020-02-12 04:23:00'),
(1238, 'DWI PUTRA WAHYU SETIAWAN', '03391', 50, '2020-02-12 04:23:52', '2020-02-12 04:23:52'),
(1239, 'FARIFA RAKHMANIA KISWORO', '03419', 50, '2020-02-12 04:24:07', '2020-02-12 04:24:07'),
(1240, 'FIRA ANASTASYA AMINUDDIN', '03428', 50, '2020-02-12 04:24:22', '2020-02-12 04:24:22'),
(1241, 'GANESHA PUTRA RAMADHANI', '03432', 50, '2020-02-12 04:24:41', '2020-02-12 04:24:41'),
(1242, 'MASJIDAN NURMAN AMIRUDIN', '03492', 50, '2020-02-12 04:24:52', '2020-02-12 04:24:52'),
(1243, 'MOCHAMAD AINUR ROFIQ', '03504', 50, '2020-02-12 04:25:05', '2020-02-12 04:25:05'),
(1244, 'MUHAMMAD FAKHRI NASHIRUDDIN', '03523', 50, '2020-02-12 04:25:19', '2020-02-12 04:25:19'),
(1245, 'NENENG AMBARWATI', '03542', 50, '2020-02-12 04:25:35', '2020-02-12 04:25:35'),
(1246, 'NIKMATUL ULA WILA', '03546', 50, '2020-02-12 04:26:11', '2020-02-12 04:26:11'),
(1247, 'NILA RUSMI TRI UTAMI', '03547', 50, '2020-02-12 04:26:34', '2020-02-12 04:26:34'),
(1248, 'NILAM RASEH PURWATI', '03548', 50, '2020-02-12 04:27:07', '2020-02-12 04:27:07'),
(1249, 'NISA HIDAYATUL ILMIAH', '03550', 50, '2020-02-12 04:27:22', '2020-02-12 04:27:22'),
(1250, 'PRADITA WIDI ARYANI', '03568', 50, '2020-02-12 04:27:34', '2020-02-12 04:27:34'),
(1251, 'RAMADANI META PERTIWI', '03579', 50, '2020-02-12 04:27:49', '2020-02-12 04:27:49'),
(1252, 'RETNO DWIYANTI', '03597', 50, '2020-02-12 04:28:03', '2020-02-12 04:28:03'),
(1253, 'RIDYA YULIASTUTI', '03603', 50, '2020-02-12 04:28:21', '2020-02-12 04:28:21'),
(1254, 'SEPTYA RIZA ANANDA', '03634', 50, '2020-02-12 04:28:33', '2020-02-12 04:28:33'),
(1255, 'SHEVIONA CHARISMA', '03641', 50, '2020-02-12 04:28:46', '2020-02-12 04:28:46'),
(1256, 'SILVANA LINDRIYANI', '03643', 50, '2020-02-12 04:29:00', '2020-02-12 04:29:00'),
(1257, 'SYECK JIHAD', '03657', 50, '2020-02-12 04:29:13', '2020-02-12 04:29:13'),
(1258, 'UMI ALFIATUZ ZUHRO', '03665', 50, '2020-02-12 04:29:25', '2020-02-12 04:29:25'),
(1259, 'WIDARI MAULIDA PRI RAHMAHDINDA', '03675', 50, '2020-02-12 04:29:41', '2020-02-12 04:29:41'),
(1260, 'WINDY MEIGITA SARI', '03678', 50, '2020-02-12 04:29:58', '2020-02-12 04:29:58'),
(1261, 'YOGA PRATAMA AJI', '03681', 50, '2020-02-12 04:30:11', '2020-02-12 04:30:11'),
(1262, 'YUNITA RAHMAWATI', '03689', 50, '2020-02-12 04:30:23', '2020-02-12 04:30:23'),
(1263, 'ZARWANDA VERA NAZALA R', '03690', 50, '2020-02-12 04:30:43', '2020-02-12 04:30:43'),
(1264, 'ZIDAN MAULANA ARIANSYAH', '03692', 50, '2020-02-12 04:30:57', '2020-02-12 04:30:57'),
(1265, 'ARIKA WINARSIH', '03316', 51, '2020-02-12 04:39:13', '2020-02-12 04:39:13'),
(1266, 'ARISTA FEBY FIRLANA', '03318', 51, '2020-02-12 04:39:23', '2020-02-12 04:39:23'),
(1267, 'ARNI KULSUM CAH AYU', '03320', 51, '2020-02-12 04:39:33', '2020-02-12 04:39:33'),
(1268, 'AULIA PUSPA ANDARI', '03323', 51, '2020-02-12 04:39:43', '2020-02-12 04:39:43'),
(1269, 'AURA PRAMESTI MAHARANI', '03327', 51, '2020-02-12 04:39:53', '2020-02-12 04:39:53'),
(1270, 'BHISMA ADHI GALIH PRASETYA', '03338', 51, '2020-02-12 04:40:07', '2020-02-12 04:40:07'),
(1271, 'CHERYA NURFAJRIN', '03349', 51, '2020-02-12 04:40:16', '2020-02-12 04:40:16'),
(1272, 'DEVITA LIDYA PUSPHITA NINGRUM', '03370', 51, '2020-02-12 04:40:28', '2020-02-12 04:40:28'),
(1273, 'DIECKY ANGGER FADIANTO', '03380', 51, '2020-02-12 04:40:38', '2020-02-12 04:40:38'),
(1274, 'DITTA ARIYANTI', '03388', 51, '2020-02-12 04:40:48', '2020-02-12 04:40:48'),
(1275, 'ELLA NUR LAILIYAH', '03401', 51, '2020-02-12 04:40:58', '2020-02-12 04:40:58'),
(1276, 'ELY KUSUMAWATI', '03406', 51, '2020-02-12 04:41:07', '2020-02-12 04:41:07'),
(1277, 'FATIMATUL ZAHROH', '03421', 51, '2020-02-12 04:41:23', '2020-02-12 04:41:23'),
(1278, 'FINA DIRAIDA SALIM', '03426', 51, '2020-02-12 04:41:35', '2020-02-12 04:41:35'),
(1279, 'FITRI ANGGRAENI RISKI AMALIA', '03430', 51, '2020-02-12 04:41:46', '2020-02-12 04:41:46'),
(1280, 'FRIDA MEI TRIA ANANDA', '03431', 51, '2020-02-12 04:41:58', '2020-02-12 04:41:58'),
(1281, 'GILANG RISKY RAMADAUDIANSYAH', '03435', 51, '2020-02-12 04:42:13', '2020-02-12 04:42:13'),
(1282, 'HERLINA PUSPA CANDRA', '03448', 51, '2020-02-12 04:42:38', '2020-02-12 04:42:38'),
(1283, 'HESTY EKA ARIYANTI', '03451', 51, '2020-02-12 04:42:49', '2020-02-12 04:42:49'),
(1284, 'KHARISMA YULIA FIRDAUS', '03473', 51, '2020-02-12 04:43:16', '2020-02-12 04:43:16'),
(1285, 'KINNORA AFRIDATUL VONERYL', '03475', 51, '2020-02-12 04:43:30', '2020-02-12 04:43:30'),
(1286, 'MUHAMMAD ARISTYO RAHARDIAN', '03520', 51, '2020-02-12 04:43:51', '2020-02-12 04:43:51'),
(1287, 'NUNKI BIAS NIRWANI', '03557', 51, '2020-02-12 04:44:31', '2020-02-12 04:44:31'),
(1288, 'NUR ARIVAH ENDAH PRASTIWI', '03559', 51, '2020-02-12 04:44:42', '2020-02-12 04:44:42'),
(1289, 'PRIKA FATIKASARI', '03569', 51, '2020-02-12 04:45:09', '2020-02-12 04:45:09'),
(1290, 'RAFID HADYAN AMRULLAH', '03574', 51, '2020-02-12 04:45:19', '2020-02-12 04:45:19'),
(1291, 'RETNO TRYA LAVIANTI', '03598', 51, '2020-02-12 04:45:30', '2020-02-12 04:45:30'),
(1292, 'RIZA AULIA ANWAR', '03617', 51, '2020-02-12 04:45:41', '2020-02-12 04:45:41'),
(1293, 'RIZKY AHMAD FADHILAH', '03620', 51, '2020-02-12 04:45:54', '2020-02-12 04:45:54'),
(1294, 'ROUDLOTUL INNAYYA', '03624', 51, '2020-02-12 04:46:04', '2020-02-12 04:46:04'),
(1295, 'SATRIA BRILLY AJI', '03628', 51, '2020-02-12 04:46:16', '2020-02-12 04:46:16'),
(1296, 'SISKA PUTRI PITALOKA', '03647', 51, '2020-02-12 04:46:28', '2020-02-12 04:46:28'),
(1297, 'SOFIA AZZAHRA', '03652', 51, '2020-02-12 04:46:40', '2020-02-12 04:46:40'),
(1298, 'SUBANDI MAULANA', '03653', 51, '2020-02-12 04:46:51', '2020-02-12 04:46:51'),
(1299, 'SUNANTI DANIA MAYLISA', '03654', 51, '2020-02-12 04:47:02', '2020-02-12 04:47:02'),
(1300, 'YOHANA TISTA WAHYUDA', '03682', 51, '2020-02-12 04:47:19', '2020-02-12 04:47:19'),
(1301, 'rajib', '12121', 16, '2020-06-29 04:07:01', '2020-06-29 04:07:01');

-- --------------------------------------------------------

--
-- Struktur dari tabel `users`
--

CREATE TABLE `users` (
  `id` bigint(20) UNSIGNED NOT NULL,
  `name` varchar(255) COLLATE utf8mb4_unicode_ci NOT NULL,
  `email` varchar(255) COLLATE utf8mb4_unicode_ci NOT NULL,
  `email_verified_at` timestamp NULL DEFAULT NULL,
  `password` varchar(255) COLLATE utf8mb4_unicode_ci NOT NULL,
  `remember_token` varchar(100) COLLATE utf8mb4_unicode_ci DEFAULT NULL,
  `created_at` timestamp NULL DEFAULT NULL,
  `updated_at` timestamp NULL DEFAULT NULL
) ENGINE=InnoDB DEFAULT CHARSET=utf8mb4 COLLATE=utf8mb4_unicode_ci;

--
-- Dumping data untuk tabel `users`
--

INSERT INTO `users` (`id`, `name`, `email`, `email_verified_at`, `password`, `remember_token`, `created_at`, `updated_at`) VALUES
(5, 'admin', '', NULL, 'admin', NULL, '2020-02-06 05:16:00', '2020-02-06 05:16:00');

--
-- Indexes for dumped tables
--

--
-- Indeks untuk tabel `migrations`
--
ALTER TABLE `migrations`
  ADD PRIMARY KEY (`id`);

--
-- Indeks untuk tabel `password_resets`
--
ALTER TABLE `password_resets`
  ADD KEY `password_resets_email_index` (`email`(191));

--
-- Indeks untuk tabel `tb_absensi`
--
ALTER TABLE `tb_absensi`
  ADD PRIMARY KEY (`id`),
  ADD KEY `id_kelas` (`kelas_id`),
  ADD KEY `id_siswa` (`siswa_id`);

--
-- Indeks untuk tabel `tb_kelas`
--
ALTER TABLE `tb_kelas`
  ADD PRIMARY KEY (`id`);

--
-- Indeks untuk tabel `tb_siswa`
--
ALTER TABLE `tb_siswa`
  ADD PRIMARY KEY (`id`);

--
-- Indeks untuk tabel `users`
--
ALTER TABLE `users`
  ADD PRIMARY KEY (`id`);

--
-- AUTO_INCREMENT untuk tabel yang dibuang
--

--
-- AUTO_INCREMENT untuk tabel `migrations`
--
ALTER TABLE `migrations`
  MODIFY `id` int(10) UNSIGNED NOT NULL AUTO_INCREMENT, AUTO_INCREMENT=23;

--
-- AUTO_INCREMENT untuk tabel `tb_absensi`
--
ALTER TABLE `tb_absensi`
  MODIFY `id` int(11) NOT NULL AUTO_INCREMENT, AUTO_INCREMENT=327;

--
-- AUTO_INCREMENT untuk tabel `tb_kelas`
--
ALTER TABLE `tb_kelas`
  MODIFY `id` int(11) NOT NULL AUTO_INCREMENT, AUTO_INCREMENT=52;

--
-- AUTO_INCREMENT untuk tabel `tb_siswa`
--
ALTER TABLE `tb_siswa`
  MODIFY `id` int(11) NOT NULL AUTO_INCREMENT, AUTO_INCREMENT=1302;

--
-- AUTO_INCREMENT untuk tabel `users`
--
ALTER TABLE `users`
  MODIFY `id` bigint(20) UNSIGNED NOT NULL AUTO_INCREMENT, AUTO_INCREMENT=6;
COMMIT;

/*!40101 SET CHARACTER_SET_CLIENT=@OLD_CHARACTER_SET_CLIENT */;
/*!40101 SET CHARACTER_SET_RESULTS=@OLD_CHARACTER_SET_RESULTS */;
/*!40101 SET COLLATION_CONNECTION=@OLD_COLLATION_CONNECTION */;
